code_station;y;ECO_2016;ECO_2017;ECO_2018;BIO_2016;BIO_2017;BIO_2018;PC_2016;PC_2017;PC_2018;CHI_2016;CHI_2017;CHI_2018
05000110;6536800;3;3;U;U;U;U;4;4;5;2;2;2
05000112;6532120;3;3;U;U;U;U;4;4;4;2;U;U
05000115;6534580;3;3;U;U;U;U;5;5;5;2;2;2
05000150;6525200;2;2;U;U;U;U;2;2;2;2;2;2
05000220;6558800;3;3;U;U;U;U;4;4;5;5;5;U
05000240;6550390;3;3;U;U;U;U;3;3;3;U;U;U
05000245;6557770;3;4;U;3;4;U;3;3;3;2;2;5
05000246;6558420;4;3;U;4;U;U;3;3;3;U;U;U
05000247;6560140;3;4;U;2;4;U;3;3;3;2;2;2
05000248;6558280;3;3;U;U;U;U;4;5;5;2;2;2
05000249;6554690;5;4;U;5;4;U;4;3;4;2;2;2
05000250;6555670;3;3;U;2;2;U;3;3;3;2;5;2
05000255;6556140;3;3;U;U;U;U;3;3;3;2;2;2
05001500;6546400;3;3;U;U;U;U;5;5;5;5;5;U
05001510;6546160;2;2;U;U;U;U;2;2;2;5;5;U
05001520;6546600;3;3;U;U;U;U;3;3;3;U;U;U
05001525;6547340;3;3;U;U;U;U;4;3;4;U;U;U
05001530;6547410;3;3;U;U;U;U;3;3;3;U;U;U
05001535;6546860;3;2;U;U;U;U;3;2;3;U;U;U
05001565;6550950;3;3;U;U;U;U;3;3;3;U;U;U
05001585;6544340;U;U;U;U;U;U;2;2;2;2;2;2
05001590;6543900;3;2;U;U;U;U;3;2;3;U;U;U
05001600;6539670;2;2;U;2;2;U;2;2;2;2;2;2
05001610;6539510;U;U;U;U;U;U;2;U;U;U;U;U
05001615;6536940;U;4;U;2;4;U;U;U;U;U;U;U
05001800;6531980;3;4;U;3;4;U;3;2;3;2;2;2
05001815;6528550;3;3;U;U;U;U;3;3;3;U;U;U
05001850;6523180;3;3;U;U;U;U;3;4;4;2;2;2
05002350;6545440;3;3;U;U;U;U;5;5;5;U;U;U
05002500;6542730;3;4;U;3;4;U;2;2;2;2;2;2
05002600;6546960;2;2;U;U;U;U;2;2;2;U;U;U
05002610;6548120;4;4;U;4;4;U;3;3;3;2;2;5
05002650;6548560;5;5;U;5;5;U;3;3;3;2;2;2
05002700;6549190;3;3;U;U;U;U;4;5;5;2;2;2
05002800;6552840;5;5;U;5;5;U;3;3;3;2;2;2
05003000;6545630;2;2;U;2;2;U;2;2;2;5;5;U
05003700;6545330;3;3;U;U;U;U;3;3;3;U;U;U
05003750;6545540;2;2;U;U;U;U;2;2;2;U;U;U
05003780;6541780;2;3;U;2;3;U;2;2;3;2;2;U
05003800;6542210;4;4;U;4;4;U;3;3;3;2;2;2
05003900;6544450;3;2;U;2;2;U;3;2;4;U;U;U
05004000;6543150;2;2;U;2;2;U;2;2;2;2;2;5
05004100;6546580;5;5;U;5;5;U;4;4;4;2;2;2
05004200;6547410;5;5;U;5;5;U;3;3;3;2;2;2
05004225;6551080;4;4;U;4;4;U;U;U;U;U;U;U
05004230;6552150;3;3;U;2;2;U;3;3;3;U;U;U
05004245;6551880;3;3;U;3;3;U;U;U;U;U;U;U
05004250;6552400;4;4;U;4;4;U;3;3;3;2;2;2
05004300;6553440;4;4;U;4;4;U;2;2;2;U;U;U
05004400;6555000;5;5;U;5;5;U;3;4;4;2;2;2
05004500;6560480;2;2;U;2;2;U;2;2;2;2;5;2
05005000;6565980;3;3;U;2;2;U;3;3;3;U;U;U
05005350;6572920;3;3;U;3;3;U;2;2;2;2;2;2
05005400;6568450;4;3;U;4;3;U;2;3;3;2;2;2
05005595;6574170;3;3;U;3;3;U;3;3;3;2;2;2
05005600;6572950;3;3;U;3;3;U;3;3;3;U;U;U
05005605;6569180;3;3;U;3;3;U;5;5;4;U;U;U
05005610;6571810;4;4;U;4;4;U;5;5;5;5;5;5
05005620;6568650;3;3;U;U;U;U;3;3;3;2;2;U
05005622;6568980;3;3;U;2;2;U;3;3;3;2;2;2
05005950;6565540;3;3;U;3;3;U;3;3;3;2;2;2
05006000;6562960;3;3;U;1;1;U;3;3;3;U;U;U
05006100;6561330;4;4;U;4;4;U;3;3;3;2;2;2
05006200;6561430;5;5;U;5;5;U;3;3;3;U;U;U
05006810;6535250;3;3;U;U;U;U;3;3;3;2;2;2
05006860;6537990;2;2;U;U;U;U;2;2;2;U;U;U
05006880;6535920;3;3;U;3;3;U;3;3;3;2;2;2
05006884;6535730;2;2;U;U;U;U;2;2;2;2;2;2
05006893;6534510;U;U;U;U;U;U;2;2;5;2;2;2
05006895;6533410;5;5;U;5;5;U;2;2;3;2;2;2
05006900;6532360;2;2;U;2;2;U;2;2;2;5;5;2
05006920;6526190;2;2;U;U;U;U;2;2;2;U;U;U
05006950;6520710;2;2;U;U;U;U;2;2;2;2;2;2
05007100;6518540;4;4;U;4;4;U;3;3;3;U;U;U
05007280;6520400;4;4;U;4;4;U;2;2;2;2;2;2
05007300;6518700;4;4;U;4;4;U;3;2;2;2;2;2
05007380;6524120;3;2;U;U;U;U;3;2;2;U;U;U
05007400;6525170;2;2;U;1;1;U;2;2;2;U;U;U
05007550;6516690;4;4;U;4;4;U;2;2;2;U;U;U
05007600;6505640;4;3;U;4;3;U;2;3;3;2;5;2
05007700;6504620;4;4;U;4;4;U;2;2;2;2;2;2
05007830;6500640;3;3;U;3;3;U;U;U;U;U;U;U
05007900;6495310;2;3;U;2;2;U;2;4;4;2;2;2
05007920;6494970;4;3;U;4;3;U;3;2;2;2;2;U
05007930;6490600;3;2;U;U;2;U;4;2;2;5;2;2
05007932;6490370;5;5;U;5;5;U;U;U;U;U;U;U
05007935;6488630;2;2;U;2;2;U;2;2;2;2;2;U
05007938;6489770;3;3;U;U;U;U;3;3;2;2;2;2
05007940;6489990;2;3;U;U;U;U;2;3;3;5;2;2
05007943;6485520;U;4;U;U;4;U;U;U;U;U;U;U
05007950;6492130;4;4;U;4;4;U;3;4;4;2;2;2
05007955;6489840;3;3;U;3;2;U;4;4;4;2;2;U
05007962;6483800;5;4;U;5;4;U;U;U;U;U;U;U
05008000;6489390;3;4;U;3;4;U;5;5;5;2;2;2
05009000;6485820;3;3;U;3;3;U;2;2;2;2;2;2
05009845;6481130;2;2;U;U;U;U;2;2;2;U;U;U
05009846;6476960;5;5;U;5;5;U;U;U;U;U;U;U
05009848;6480460;5;5;U;5;5;U;4;3;3;2;2;2
05009850;6475400;3;4;U;3;4;U;4;2;2;2;2;U
05009851;6476150;5;5;U;5;5;U;U;U;U;U;U;U
05009859;6470360;4;4;U;4;4;U;U;U;U;U;U;U
05009990;6482330;4;4;U;4;4;U;U;U;U;U;U;U
05010000;6482020;4;4;U;4;4;U;3;3;3;2;2;2
05010850;6513300;5;5;U;5;5;U;4;4;4;2;U;2
05010950;6510150;2;2;U;2;2;U;2;2;2;2;2;2
05010960;6508200;2;3;U;2;2;U;2;4;4;2;2;2
05010985;6504410;3;3;U;3;3;U;2;2;3;U;U;U
05011000;6502680;2;2;U;2;2;U;2;2;2;2;2;U
05011400;6498860;3;3;U;3;3;U;3;3;3;2;2;2
05011490;6495750;3;3;U;3;3;U;3;3;2;2;2;U
05011500;6496400;3;3;U;3;3;U;2;3;3;2;2;2
05011520;6494280;3;3;U;U;U;U;3;3;3;U;U;U
05011600;6495180;3;3;U;3;3;U;2;3;3;5;2;2
05011620;6494500;5;5;U;5;5;U;3;4;4;U;U;U
05011640;6490950;3;3;U;3;3;U;2;3;3;U;U;U
05011660;6483640;4;5;U;4;5;U;4;4;4;5;5;2
05011680;6485670;3;3;U;3;3;U;3;3;3;U;U;U
05011700;6481780;3;3;U;U;U;U;3;3;3;U;U;U
05011705;6497430;4;4;U;4;4;U;2;2;2;U;U;U
05011710;6496290;3;3;U;3;3;U;3;3;3;U;U;U
05011720;6492190;3;3;U;3;3;U;4;4;4;2;2;2
05011721;6483920;3;3;U;3;3;U;4;2;4;U;U;U
05011722;6483510;3;3;U;3;3;U;4;4;2;U;U;U
05011724;6494050;4;4;U;4;4;U;2;2;2;U;U;U
05011725;6491520;3;3;U;3;3;U;2;2;2;U;U;U
05011727;6489580;2;2;U;2;2;U;2;2;2;U;U;U
05011730;6491040;4;4;U;4;4;U;2;2;2;2;2;2
05011750;6487130;3;3;U;3;3;U;4;4;4;U;U;U
05012000;6516740;2;2;U;2;2;U;2;2;2;5;5;2
05012200;6520480;4;4;U;4;4;U;2;2;2;2;5;2
05012400;6526700;3;3;U;U;U;U;3;3;3;2;2;2
05012450;6528570;5;5;U;5;5;U;3;3;3;5;2;2
05012500;6528800;3;2;U;2;2;U;2;2;2;2;2;2
05012510;6531690;3;3;U;3;3;U;U;U;U;U;U;U
05012550;6530080;5;5;U;5;5;U;4;4;4;2;2;2
05012680;6532550;3;3;U;3;3;U;U;U;U;U;U;U
05012700;6541890;3;2;U;2;2;U;3;2;3;U;U;U
05013000;6515200;2;2;U;2;2;U;2;2;2;2;2;2
05013100;6517490;2;2;U;2;2;U;2;2;2;2;2;2
05013150;6518720;3;3;U;3;3;U;4;4;4;2;2;2
05013151;6519380;3;3;U;U;U;U;4;5;5;2;2;2
05013152;6519500;3;3;U;U;U;U;5;5;5;2;2;2
05013153;6520300;3;3;U;U;U;U;4;4;5;2;2;2
05013160;6524570;3;3;U;U;U;U;3;3;3;U;U;U
05013175;6525850;5;5;U;5;5;U;5;5;4;5;2;2
05013180;6527680;3;3;U;U;U;U;3;3;3;2;2;U
05013200;6515150;4;3;U;4;3;U;2;2;2;2;2;2
05013650;6511970;2;2;U;2;2;U;2;2;2;2;2;U
05013680;6518440;2;2;U;U;U;U;2;2;2;2;2;2
05013700;6509750;2;3;U;2;3;U;2;2;2;5;2;2
05013900;6507000;2;3;U;2;3;U;2;2;2;2;2;2
05014100;6503700;5;5;U;5;5;U;2;3;2;2;2;2
05014190;6506820;2;2;U;2;2;U;2;2;2;2;2;2
05014195;6506370;3;3;U;3;3;U;3;3;3;U;U;U
05014250;6495680;2;2;U;U;U;U;2;2;2;U;U;U
05015000;6508170;3;3;U;3;3;U;2;2;2;2;2;2
05015060;6509330;3;3;U;3;3;U;2;2;2;2;2;2
05015100;6508580;4;4;U;4;4;U;2;2;2;2;2;2
05015250;6499949;4;5;U;4;5;U;2;2;2;2;2;U
05015300;6509070;4;3;U;4;3;U;4;5;5;5;5;2
05015320;6502550;3;3;U;3;3;U;2;2;2;2;2;2
05015800;6507320;2;2;U;2;2;U;2;2;2;U;U;U
05015900;6511770;2;2;U;2;2;U;2;2;2;2;5;2
05015950;6512130;5;5;U;5;5;U;4;4;4;U;U;U
05015980;6512620;3;2;U;3;2;U;2;2;2;2;2;U
05016100;6512220;4;4;U;4;4;U;3;3;2;U;U;U
05016500;6511000;3;3;U;U;U;U;3;3;2;U;U;U
05017060;6508610;4;4;U;4;4;U;2;2;2;2;2;2
05018000;6512760;3;3;U;3;3;U;2;2;2;2;2;2
05018150;6516880;3;3;U;2;2;U;3;3;3;2;5;2
05018400;6524590;2;2;U;1;2;U;2;2;2;U;U;U
05018650;6531420;2;2;U;2;2;U;2;2;3;U;U;U
05018700;6541350;2;2;U;2;2;U;2;2;2;2;2;2
05018750;6538530;2;2;U;2;1;U;2;2;2;2;2;2
05018800;6534080;3;3;U;3;3;U;2;2;2;2;2;2
05018900;6542800;3;3;U;2;2;U;4;4;5;U;U;U
05018950;6537030;3;4;U;3;4;U;3;4;4;2;2;2
05018975;6546020;3;3;U;U;U;U;3;3;3;2;2;U
05019000;6536280;3;3;U;3;3;U;2;2;2;2;2;U
05019930;6534300;3;3;U;3;3;U;3;3;3;2;5;2
05019931;6533600;U;2;U;U;U;U;U;2;2;U;2;5
05019940;6533800;2;3;U;2;2;U;2;3;2;U;U;U
05020000;6527860;3;3;U;3;3;U;2;2;2;2;2;2
05020100;6529060;2;2;U;2;2;U;2;2;2;2;2;2
05020200;6531670;3;3;U;3;3;U;2;3;3;U;U;U
05020900;6519840;2;2;U;1;1;U;2;2;2;U;U;U
05020990;6517770;2;3;U;2;3;U;2;2;2;U;U;U
05021000;6511030;3;3;U;3;3;U;2;2;2;2;5;2
05021045;6511600;2;2;U;2;2;U;2;2;2;U;U;U
05021050;6511850;2;2;U;U;U;U;2;2;2;2;2;U
05021100;6511030;2;2;U;2;2;U;2;2;2;U;U;U
05021105;6514830;3;3;U;U;U;U;3;3;3;5;5;U
05021110;6509570;2;2;U;U;U;U;2;2;2;2;2;U
05021120;6509780;3;3;U;3;3;U;2;2;2;U;U;U
05021250;6515580;2;2;U;U;U;U;2;2;2;U;U;U
05021260;6518640;U;3;U;U;U;U;U;4;2;U;U;U
05021480;6517040;2;3;U;1;1;U;2;4;4;U;U;U
05021500;6515470;2;3;U;2;3;U;2;2;2;2;2;U
05021645;6514460;U;2;U;U;U;U;U;2;2;U;U;U
05021650;6514280;3;3;U;3;3;U;2;2;2;2;2;2
05021700;6510080;3;3;U;3;3;U;2;2;2;2;2;U
05021750;6513160;2;3;U;2;1;U;2;4;4;2;2;U
05021800;6510370;3;3;U;3;3;U;2;3;3;U;U;U
05021810;6507390;3;2;U;1;1;U;4;2;4;U;U;U
05021900;6516100;3;3;U;3;3;U;2;2;2;U;U;U
05022000;6504000;2;2;U;2;2;U;2;2;2;2;2;U
05022020;6503120;2;2;U;1;2;U;2;2;2;U;U;U
05022040;6501300;2;2;U;2;2;U;2;2;2;U;U;U
05022065;6498740;2;2;U;U;U;U;2;2;2;U;U;U
05022070;6499800;2;2;U;1;1;U;2;2;2;U;U;U
05022071;6501160;2;2;U;U;U;U;1;2;2;U;U;U
05022072;6504730;2;2;U;U;U;U;2;2;2;U;U;U
05022073;6500720;2;2;U;U;U;U;2;2;2;U;U;U
05022074;6499870;2;2;U;U;U;U;2;2;2;U;U;U
05022075;6501130;3;3;U;U;U;U;3;3;3;U;U;U
05022076;6501790;3;3;U;U;U;U;3;3;3;U;U;U
05022077;6502200;3;3;U;U;U;U;3;3;2;U;U;U
05022078;6502830;2;2;U;U;U;U;2;2;2;U;U;U
05022080;6497960;3;3;U;3;3;U;2;2;2;U;U;U
05022100;6495530;4;3;U;4;3;U;2;2;3;2;2;2
05022120;6502810;2;2;U;1;1;U;2;2;2;U;U;U
05022245;6536510;4;4;U;4;4;U;2;2;2;U;U;U
05022248;6541140;3;3;U;3;3;U;U;U;U;U;U;U
05022250;6536190;2;2;U;2;2;U;2;2;2;U;U;U
05022260;6536050;2;2;U;U;U;U;2;2;2;2;2;2
05022285;6537100;3;2;U;3;2;U;2;2;2;U;U;U
05022300;6538580;4;4;U;4;4;U;2;2;2;2;2;2
05022400;6543780;3;2;U;3;2;U;2;2;2;5;5;2
05022440;6547550;3;2;U;2;2;U;4;2;2;U;U;U
05022450;6543270;5;5;U;5;5;U;3;3;4;2;2;2
05022705;6493690;2;2;U;2;2;U;2;2;2;U;U;U
05023000;6548440;2;3;U;2;3;U;2;2;2;2;2;2
05023050;6550890;3;3;U;2;3;U;3;3;3;2;2;2
05023100;6553060;2;3;U;2;3;U;2;2;2;2;2;2
05023200;6557440;2;2;U;2;2;U;2;2;2;U;U;U
05023250;6556540;2;2;U;2;2;U;2;2;2;U;U;U
05023955;6564120;U;U;U;U;U;U;2;2;2;2;2;2
05023960;6563540;4;4;U;4;4;U;3;2;3;5;5;U
05023961;6563350;5;5;U;5;5;U;4;4;4;U;U;U
05024000;6563300;3;3;U;3;3;U;2;2;2;2;2;2
05024100;6565420;3;3;U;U;U;U;3;3;2;2;2;2
05024180;6557130;3;3;U;3;3;U;4;4;5;2;2;U
05024200;6550330;2;2;U;2;2;U;2;2;2;2;2;2
05024245;6545770;3;3;U;2;2;U;4;4;4;U;U;U
05024250;6540990;2;2;U;2;2;U;2;2;2;U;U;U
05024275;6537370;3;3;U;3;3;U;3;2;2;U;U;U
05024300;6530260;3;3;U;3;3;U;2;2;2;2;2;2
05024305;6522400;2;3;U;2;2;U;2;3;3;2;2;U
05024309;6524350;2;2;U;2;2;U;2;2;3;U;U;U
05024950;6529340;3;3;U;U;U;U;3;3;3;U;U;U
05024985;6521470;3;2;U;U;U;U;3;2;2;U;U;U
05024990;6519420;3;3;U;U;U;U;3;3;3;U;U;U
05024994;6514930;5;5;U;5;5;U;2;3;3;2;2;U
05025000;6514870;5;5;U;5;5;U;2;2;2;2;2;2
05025010;6513130;5;5;U;5;5;U;3;4;4;U;U;U
05025030;6510510;2;2;U;U;U;U;2;2;2;U;U;U
05025050;6507470;2;2;U;2;2;U;2;2;3;2;2;2
05025055;6504790;5;5;U;5;5;U;3;2;2;U;U;U
05025060;6504150;3;3;U;U;U;U;3;3;4;2;2;2
05025595;6458630;4;5;U;4;5;U;5;5;5;2;2;2
05025598;6463700;U;3;U;U;3;U;U;5;5;U;U;2
05025600;6466700;3;3;U;3;3;U;3;2;4;2;2;2
05025630;6474430;3;3;U;3;3;U;3;3;4;2;2;2
05025650;6466680;2;2;U;2;2;U;2;2;2;2;2;2
05025680;6471290;3;3;U;3;3;U;2;2;2;2;2;2
05025690;6472650;2;2;U;2;2;U;2;2;3;2;U;U
05025695;6452610;5;5;U;5;5;U;U;U;U;U;U;U
05025740;6445810;3;3;U;U;U;U;3;3;3;U;U;U
05025800;6446070;3;3;U;3;3;U;4;4;5;U;U;U
05025820;6449590;5;5;U;5;5;U;2;2;2;2;2;2
05025830;6449520;5;5;U;5;5;U;2;2;4;2;2;2
05025835;6450150;5;5;U;5;5;U;4;4;5;U;U;U
05025900;6437600;5;5;U;5;5;U;2;3;3;2;2;2
05025940;6429620;3;3;U;U;U;U;4;4;3;U;2;2
05026000;6428860;3;3;U;U;U;U;4;4;5;5;5;5
05027010;6424170;4;4;U;4;4;U;3;3;3;2;2;2
05027040;6425860;2;2;U;U;U;U;2;2;2;U;U;2
05028110;6432560;5;5;U;5;5;U;4;4;4;5;2;2
05028900;6438820;5;5;U;5;5;U;4;4;4;2;2;U
05029000;6440400;3;4;U;3;4;U;4;4;5;2;2;2
05029200;6447450;3;3;U;3;3;U;4;4;4;U;U;U
05029500;6460640;4;4;U;4;4;U;4;3;4;U;U;U
05029650;6436270;5;5;U;5;5;U;2;2;2;U;U;U
05029730;6440484;5;5;U;5;5;U;3;3;3;2;2;U
05029750;6436230;5;5;U;5;5;U;3;4;4;2;2;2
05029760;6437440;5;5;U;5;5;U;4;3;U;U;U;U
05029785;6444560;3;3;U;3;3;U;5;5;5;U;U;U
05029800;6442620;2;2;U;U;U;U;2;2;2;2;2;2
05029820;6448670;5;5;U;5;5;U;5;U;U;U;U;U
05029840;6453590;3;2;U;U;U;U;4;2;4;U;2;2
05029850;6454800;3;3;U;2;2;U;4;4;4;U;U;U
05029860;6457690;3;2;U;2;2;U;4;2;2;U;U;U
05029870;6460090;3;3;U;2;2;U;4;3;4;U;U;U
05029900;6464700;3;3;U;U;U;U;4;4;4;2;2;2
05029950;6465780;3;3;U;2;2;U;5;3;5;U;U;U
05029955;6472420;3;3;U;3;3;U;U;U;U;U;U;U
05029960;6477050;5;5;U;5;5;U;4;4;4;U;U;U
05029980;6466860;3;3;U;1;1;U;2;2;4;5;5;U
05030000;6442790;3;3;U;3;3;U;3;3;3;2;2;2
05030310;6450120;4;4;U;4;4;U;U;U;U;U;U;U
05030500;6450950;3;3;U;U;U;U;5;5;4;2;2;2
05030600;6453880;3;3;U;3;3;U;4;4;5;U;U;U
05030700;6457760;4;4;U;4;4;U;5;5;5;U;U;U
05031000;6462280;2;2;U;2;2;U;2;2;2;5;2;2
05031050;6463660;2;2;U;2;2;U;2;2;3;2;2;2
05031100;6468120;3;3;U;3;3;U;3;3;3;5;2;2
05031120;6472680;4;3;U;4;3;U;2;2;2;2;2;U
05031300;6480640;2;3;U;2;2;U;2;3;3;U;U;U
05031350;6482720;4;4;U;4;4;U;3;4;4;2;2;2
05031380;6485190;3;3;U;3;3;U;2;3;3;U;U;U
05031600;6487730;3;3;U;3;3;U;2;2;2;2;2;2
05031820;6461280;2;2;U;2;2;U;2;2;2;U;U;U
05031850;6458640;2;2;U;2;2;U;2;2;2;2;2;2
05031900;6463860;3;2;U;3;2;U;2;2;2;5;5;2
05032100;6471630;4;4;U;4;4;U;4;4;4;2;2;2
05032800;6470360;3;4;U;3;4;U;2;2;2;2;2;2
05032900;6479480;2;2;U;1;1;U;2;2;2;2;2;2
05033190;6486000;3;3;U;3;3;U;2;2;2;U;U;U
05033200;6485390;2;2;U;2;2;U;2;2;2;2;2;2
05033220;6488700;2;2;U;2;2;U;2;2;2;U;U;U
05033300;6492420;2;2;U;2;2;U;2;2;2;2;2;U
05033350;6491210;2;2;U;2;2;U;2;2;2;2;2;U
05033380;6489060;2;2;U;2;2;U;2;2;2;2;2;U
05033400;6491210;3;3;U;3;3;U;2;3;3;2;2;U
05033500;6467090;3;3;U;3;3;U;2;3;2;2;2;2
05033505;6465080;3;3;U;3;3;U;3;3;3;2;2;U
05033510;6466730;3;3;U;3;3;U;3;3;3;2;2;2
05033515;6465270;5;5;U;5;5;U;3;3;2;U;U;U
05033517;6465270;3;3;U;U;U;U;4;3;3;2;2;2
05033519;6465080;U;3;U;U;U;U;2;4;4;2;2;2
05033520;6465310;4;4;U;4;4;U;2;2;2;5;2;2
05033521;6464710;3;U;U;U;U;U;3;2;2;2;2;2
05033522;6464100;U;U;U;U;U;U;2;2;2;2;2;2
05033524;6463580;3;3;U;U;U;U;3;5;5;2;2;2
05033525;6466060;3;4;U;3;4;U;2;3;3;2;2;U
05033530;6465420;4;4;U;4;4;U;2;4;3;2;2;U
05033542;6462740;U;U;U;U;U;U;2;2;2;2;2;2
05033544;6461620;3;U;U;U;U;U;3;2;2;2;2;2
05033545;6460740;3;3;U;U;U;U;4;2;2;2;2;2
05033546;6460710;3;U;U;U;U;U;3;2;2;2;2;2
05033547;6461730;3;3;U;U;U;U;3;3;3;2;2;2
05033549;6460790;U;U;U;U;U;U;2;2;2;2;2;2
05033550;6460220;3;3;U;U;U;U;3;3;3;2;2;2
05033560;6464590;4;4;U;4;4;U;2;2;2;U;U;U
05033570;6464800;5;5;U;5;5;U;3;3;3;2;2;2
05033580;6465360;2;2;U;2;2;U;2;2;2;U;U;U
05033590;6467820;3;3;U;1;1;U;4;4;2;U;U;U
05033650;6471030;2;2;U;2;2;U;2;2;2;U;U;U
05033680;6471980;3;2;U;2;2;U;3;2;2;2;2;2
05033685;6477270;3;2;U;2;2;U;3;2;3;2;2;U
05033700;6473380;2;2;U;2;2;U;1;1;1;2;2;2
05033800;6476850;3;3;U;3;3;U;2;2;2;U;U;U
05033850;6477830;2;3;U;2;2;U;2;4;4;U;U;U
05034700;6483170;3;3;U;3;3;U;2;2;2;2;2;U
05034800;6490930;2;2;U;1;1;U;2;2;2;U;U;U
05034850;6497740;2;1;U;2;1;U;1;1;2;U;U;U
05034855;6478070;3;2;U;3;2;U;2;2;2;U;U;U
05035000;6488340;3;3;U;3;3;U;2;2;2;5;5;2
05035005;6490560;U;2;U;2;2;U;U;2;2;U;U;U
05035050;6494950;U;2;U;1;2;U;U;1;2;U;U;U
05035200;6493080;2;2;U;2;2;U;2;2;2;U;U;U
05035212;6494670;U;3;U;1;1;U;U;5;2;U;U;U
05035217;6496410;U;5;U;2;5;U;U;2;2;U;U;U
05035250;6499140;U;2;U;1;1;U;U;2;2;U;U;U
05035262;6502460;U;3;U;1;2;U;U;4;2;U;U;U
05035270;6504050;U;1;U;1;1;U;U;1;1;U;U;U
05035300;6502850;3;2;U;3;2;U;1;2;2;2;2;2
05035400;6505120;2;2;U;2;2;U;2;2;2;2;2;U
05035410;6503430;U;2;U;1;1;U;U;2;2;U;U;U
05035430;6503770;U;5;U;1;5;U;U;2;3;U;U;U
05035440;6505650;U;5;U;2;5;U;U;2;2;U;U;U
05036000;6440750;3;3;U;3;3;U;2;2;2;2;2;2
05036500;6440630;3;3;U;3;3;U;2;2;2;U;U;U
05036700;6441060;5;5;U;5;5;U;4;4;4;2;2;U
05037000;6440500;3;3;U;3;3;U;2;2;2;2;2;2
05038000;6440500;3;3;U;3;3;U;2;2;2;2;2;2
05038010;6438760;3;2;U;3;2;U;2;2;2;2;2;2
05038020;6444450;2;2;U;2;1;U;2;2;2;2;2;2
05038050;6446340;2;2;U;2;2;U;2;2;2;2;2;2
05038090;6452950;2;2;U;2;2;U;2;2;2;U;U;U
05038100;6448530;3;3;U;3;3;U;2;2;2;5;5;U
05039000;6455400;4;4;U;4;4;U;2;2;2;2;2;2
05039150;6458940;2;2;U;2;2;U;2;2;2;2;2;U
05039200;6456170;3;3;U;3;3;U;2;2;2;2;2;2
05040000;6453460;3;3;U;3;3;U;U;U;U;U;U;U
05040100;6450760;2;2;U;2;2;U;2;2;2;2;2;U
05041000;6458250;3;3;U;3;3;U;1;2;2;2;2;2
05042000;6456690;3;3;U;3;3;U;2;2;2;2;2;2
05042050;6473250;2;2;U;2;2;U;2;2;2;2;2;2
05042060;6478370;2;2;U;1;2;U;1;2;2;2;2;2
05042065;6482010;3;3;U;3;3;U;U;U;U;U;U;U
05042070;6485860;2;2;U;2;2;U;1;1;2;2;2;U
05042071;6492720;2;2;U;1;2;U;2;2;2;U;U;U
05042072;6490090;3;3;U;2;2;U;2;2;2;2;2;U
05042073;6495560;3;2;U;U;1;U;3;2;3;2;5;5
05042074;6490990;3;3;U;U;1;U;2;2;2;2;2;2
05042080;6482460;4;3;U;4;3;U;2;2;2;2;2;2
05042085;6481100;3;3;U;3;3;U;2;2;2;2;2;2
05042090;6482010;2;2;U;U;U;U;2;2;2;U;U;U
05042095;6485840;2;2;U;2;2;U;2;2;2;2;2;U
05042930;6460500;3;3;U;3;3;U;2;2;2;U;U;U
05042950;6470590;2;2;U;2;2;U;2;2;2;U;U;U
05043000;6471320;2;2;U;2;2;U;2;2;2;2;2;2
05043050;6477240;3;3;U;3;3;U;2;2;2;2;2;2
05043300;6489830;3;4;U;3;4;U;2;3;3;2;2;2
05044000;6474140;3;3;U;3;3;U;2;2;2;2;2;2
05044200;6488820;2;2;U;2;2;U;2;2;2;U;U;U
05044232;6487050;2;2;U;2;2;U;2;1;2;U;U;U
05044250;6482260;2;2;U;1;1;U;2;2;2;2;2;2
05044300;6497090;3;3;U;3;3;U;2;2;2;2;2;2
05044310;6498900;3;3;U;3;3;U;2;2;2;U;U;U
05044950;6418460;2;2;U;2;2;U;2;2;2;U;2;2
05045000;6419900;3;3;U;U;U;U;3;3;3;U;U;U
05045050;6421420;2;2;U;2;2;U;2;2;3;U;U;U
05045100;6417230;3;3;U;3;3;U;2;2;2;2;2;2
05045110;6416600;U;3;U;U;3;U;U;U;5;U;U;5
05045128;6408920;U;2;U;U;2;U;U;U;3;U;U;5
05045130;6407570;U;2;U;U;2;U;U;U;2;U;U;5
05045170;6416530;4;4;U;4;4;U;U;U;5;U;U;5
05045185;6411270;3;4;U;3;4;U;U;U;4;U;U;5
05045186;6410790;U;4;U;U;4;U;U;U;U;U;U;U
05045190;6410020;5;5;U;5;5;U;U;U;U;U;U;U
05045200;6418240;3;4;U;U;4;U;4;2;4;U;U;U
05045250;6425390;5;5;U;5;5;U;4;4;4;2;5;2
05045400;6421100;4;4;U;4;4;U;4;4;4;2;2;2
05046000;6417800;3;3;U;3;3;U;1;2;2;2;2;2
05046100;6415850;4;4;U;4;4;U;3;3;3;5;5;5
05046300;6416420;4;4;U;4;4;U;U;U;U;U;U;U
05046675;6416350;3;3;U;U;U;U;3;3;2;2;2;2
05046685;6416070;U;3;U;U;U;U;2;3;2;2;2;2
05046700;6416920;5;4;U;5;4;U;3;3;3;2;2;2
05046740;6421660;2;2;U;2;2;U;2;2;2;U;U;U
05046800;6422160;3;2;U;3;2;U;3;2;2;2;2;U
05047000;6419170;3;2;U;3;2;U;1;1;2;2;2;5
05047050;6418680;2;2;U;2;2;U;2;2;2;2;2;2
05047200;6420160;2;2;U;2;2;U;2;2;2;U;U;U
05047300;6424340;3;3;U;3;3;U;1;2;2;2;2;U
05047450;6424570;2;2;U;1;1;U;2;2;4;2;2;U
05047500;6425100;2;2;U;2;2;U;2;2;2;2;2;2
05047510;6419700;3;3;U;3;3;U;3;2;3;2;2;2
05047550;6418510;2;3;U;2;2;U;2;4;2;2;2;2
05047600;6419120;3;3;U;2;3;U;3;3;3;2;2;2
05047710;6418510;3;3;U;U;U;U;3;3;3;U;U;U
05047720;6420010;4;4;U;4;4;U;2;2;2;U;U;U
05047750;6414130;3;3;U;3;3;U;2;2;2;2;2;2
05048000;6414240;2;2;U;2;2;U;2;2;2;2;2;2
05048010;6408190;2;3;U;2;3;U;2;2;2;U;U;U
05048015;6407910;3;3;U;3;3;U;2;2;2;2;2;2
05048210;6421690;3;3;U;2;3;U;3;3;3;2;2;2
05049000;6426410;3;4;U;3;4;U;3;3;3;2;2;2
05049200;6428080;3;3;U;3;3;U;2;2;2;2;2;2
05049220;6427580;2;2;U;2;2;U;2;2;2;U;U;U
05049300;6431100;2;2;U;2;2;U;2;2;2;2;2;2
05049860;6435770;2;2;U;1;1;U;2;2;2;2;2;2
05049950;6439230;2;2;U;2;2;U;2;2;2;2;2;2
05050000;6437440;2;2;U;2;2;U;2;2;2;2;2;2
05050010;6437300;3;3;U;3;3;U;2;1;1;5;2;2
05050800;6447380;2;3;U;2;2;U;2;3;3;2;2;2
05051000;6444580;3;3;U;3;3;U;2;2;3;2;2;U
05051050;6442700;2;2;U;1;U;U;2;2;2;U;U;U
05051100;6446520;2;2;U;2;2;U;2;2;2;2;2;2
05051120;6442400;2;2;U;2;2;U;2;2;2;2;2;U
05051200;6448190;2;2;U;2;2;U;2;2;2;U;U;U
05051300;6448950;3;3;U;3;3;U;3;2;2;U;U;U
05051350;6453880;2;2;U;2;2;U;2;2;2;2;2;U
05051500;6450200;3;3;U;3;3;U;2;2;2;2;2;2
05051520;6452080;3;3;U;3;3;U;2;2;2;2;2;U
05052000;6449240;3;3;U;3;3;U;3;3;3;2;5;2
05052100;6450950;4;3;U;4;3;U;3;2;3;2;2;U
05052540;6445120;2;2;U;1;1;U;2;2;2;2;2;2
05052550;6447520;3;3;U;3;3;U;2;2;2;U;U;U
05053000;6453140;3;2;U;2;2;U;2;2;2;2;5;2
05053010;6452870;3;2;U;3;2;U;2;2;2;U;U;U
05053030;6461340;3;3;U;3;3;U;2;2;2;2;5;2
05053060;6466830;3;3;U;3;3;U;2;2;2;2;2;U
05053080;6457620;2;2;U;2;2;U;2;2;2;2;2;2
05053085;6463550;3;3;U;3;3;U;2;2;2;2;2;U
05053086;6451870;5;5;U;5;5;U;5;5;5;U;U;U
05053090;6453430;3;3;U;3;3;U;4;4;4;2;2;2
05053100;6453650;2;2;U;2;2;U;2;2;2;2;2;2
05053110;6454400;3;3;U;3;3;U;2;2;2;U;U;2
05053910;6453990;2;2;U;2;2;U;2;2;2;U;U;U
05053920;6452460;2;2;U;2;1;U;2;2;2;U;U;U
05053925;6448110;2;2;U;2;2;U;2;2;2;U;U;U
05053930;6448680;2;2;U;2;2;U;1;2;2;2;2;U
05053950;6458330;2;2;U;2;1;U;2;2;2;U;U;U
05053960;6459360;3;3;U;3;3;U;2;2;2;2;2;U
05053975;6460130;3;2;U;2;2;U;3;2;2;2;5;5
05054010;6459790;2;2;U;2;2;U;2;2;2;2;2;U
05054020;6462620;2;2;U;1;1;U;2;2;1;2;2;U
05054030;6461880;2;2;U;2;2;U;2;2;2;2;2;U
05054060;6464310;2;2;U;2;2;U;2;2;2;U;U;U
05054190;6469020;2;2;U;2;2;U;2;2;1;2;2;U
05054200;6470860;2;2;U;2;2;U;2;2;2;5;5;U
05054550;6464640;3;3;U;3;3;U;2;2;2;U;U;U
05054600;6466990;4;4;U;4;4;U;2;2;2;5;5;2
05055000;6467630;2;2;U;2;1;U;2;1;1;2;2;2
05055105;6469500;2;2;U;2;1;U;2;1;1;2;2;U
05055150;6482410;2;3;U;2;3;U;2;3;3;2;2;2
05055200;6474470;2;2;U;2;2;U;2;2;2;U;U;U
05055550;6486030;3;3;U;3;3;U;1;1;1;2;2;U
05055555;6486830;2;1;U;1;1;U;2;1;2;U;U;U
05055600;6493850;3;3;U;3;3;U;2;2;2;2;2;U
05055800;6455780;3;2;U;1;1;U;3;2;3;2;2;2
05055900;6458820;3;2;U;2;2;U;2;2;2;2;2;2
05055910;6464720;3;3;U;3;3;U;2;2;2;U;U;U
05055920;6463140;3;3;U;3;3;U;2;2;2;2;2;2
05055930;6469080;2;2;U;1;2;U;2;1;1;2;2;U
05055940;6474400;5;5;U;5;5;U;2;2;2;2;2;2
05055950;6468420;2;2;U;1;2;U;2;2;2;2;2;U
05055960;6471840;2;2;U;2;2;U;2;2;2;U;U;U
05055965;6478050;2;2;U;2;2;U;2;2;2;U;U;U
05055970;6478700;2;2;U;2;2;U;2;2;2;2;2;2
05056000;6458830;2;2;U;2;2;U;2;2;2;2;2;2
05056600;6474570;3;3;U;3;3;U;2;2;2;U;U;U
05056700;6476330;2;2;U;U;U;U;2;1;1;2;2;U
05056800;6477390;2;2;U;2;2;U;1;1;1;U;U;U
05056850;6482260;2;2;U;2;2;U;2;2;2;U;U;U
05056900;6496650;2;2;U;U;U;U;2;2;2;U;U;U
05056950;6480910;3;3;U;U;U;U;3;3;3;U;U;U
05057000;6481940;2;2;U;1;1;U;2;1;2;2;2;2
05057050;6480740;2;2;U;2;2;U;2;1;1;2;2;2
05057098;6496280;2;2;U;2;2;U;2;1;1;2;2;U
05057099;6492740;2;2;U;U;U;U;2;1;2;U;U;U
05057100;6493890;2;2;U;2;2;U;2;2;2;U;U;U
05057105;6498070;1;1;U;1;1;U;1;1;2;U;U;U
05057120;6499880;2;2;U;U;U;U;1;1;3;U;U;U
05057140;6498560;3;4;U;3;4;U;1;2;3;2;2;2
05057150;6501910;3;3;U;3;3;U;2;2;3;2;2;2
05057180;6503120;3;3;U;1;1;U;4;3;4;U;U;U
05058100;6414840;2;2;U;2;2;U;2;1;1;2;2;2
05058105;6414610;3;3;U;3;3;U;2;5;3;U;U;U
05058120;6406920;4;4;U;4;4;U;3;3;2;2;2;U
05058600;6413540;2;2;U;2;2;U;2;2;2;2;2;2
05058922;6402220;3;3;U;3;3;U;2;2;2;U;U;U
05058928;6400530;2;2;U;U;U;U;2;2;2;2;2;2
05058935;6402090;3;3;U;3;3;U;3;2;2;U;U;U
05058937;6404350;2;3;U;U;U;U;2;3;3;U;U;U
05058938;6405790;3;4;U;3;4;U;2;2;2;U;U;U
05058940;6405990;2;2;U;U;U;U;2;2;2;U;U;U
05059000;6413480;2;3;U;2;2;U;2;3;3;2;2;U
05060000;6415880;5;5;U;5;5;U;3;3;3;U;U;U
05060001;6417350;U;3;U;U;U;U;U;3;3;U;U;U
05060200;6417150;2;2;U;2;2;U;2;2;2;2;2;2
05060400;6415340;2;3;U;1;2;U;2;3;3;2;2;2
05060500;6415230;3;2;U;3;2;U;2;2;2;2;2;U
05060600;6407930;4;4;U;4;4;U;3;3;4;U;U;U
05060602;6407410;3;2;U;U;U;U;5;2;2;U;U;U
05060603;6407050;U;U;U;U;U;U;1;1;1;U;U;U
05060900;6419880;3;3;U;3;3;U;2;3;3;5;2;2
05060920;6418770;3;3;U;3;3;U;1;1;1;2;U;U
05060924;6416280;U;U;U;U;U;U;1;1;1;U;U;U
05060926;6416340;2;2;U;2;1;U;2;2;2;U;U;U
05060930;6420400;3;3;U;1;1;U;3;3;3;U;U;U
05060940;6425800;2;2;U;2;2;U;2;2;2;U;U;U
05060950;6423170;2;2;U;2;2;U;2;2;2;2;2;2
05060960;6422200;3;3;U;U;U;U;3;3;2;U;U;U
05061000;6421520;1;3;U;1;1;U;1;3;3;U;U;U
05061050;6416960;3;2;U;3;2;U;1;2;2;U;U;U
05061090;6412260;U;3;U;U;3;U;U;U;U;U;U;U
05061100;6410010;3;2;U;3;2;U;3;2;2;2;2;U
05061110;6406410;2;3;U;2;3;U;2;3;2;2;2;2
05061112;6410350;2;2;U;U;U;U;2;2;2;U;U;U
05061120;6420640;U;U;U;U;U;U;2;2;2;U;U;U
05061130;6417180;3;3;U;3;3;U;3;3;3;U;U;U
05061150;6424160;3;3;U;U;U;U;3;3;1;U;U;U
05061200;6426310;2;2;U;2;2;U;2;2;2;2;U;U
05061228;6432950;2;2;U;U;U;U;2;2;3;U;U;U
05061229;6433370;3;3;U;3;3;U;4;3;3;U;U;U
05061230;6433000;2;2;U;2;2;U;2;2;2;2;2;2
05061240;6430240;2;2;U;2;2;U;2;2;2;2;2;U
05061245;6434400;3;3;U;U;U;U;3;3;4;U;U;U
05061250;6426180;U;U;U;U;U;U;2;2;2;U;U;U
05061300;6427040;3;3;U;3;3;U;3;3;3;2;2;2
05061350;6426840;3;3;U;U;U;U;3;3;1;U;U;U
05061400;6427350;2;2;U;2;2;U;2;2;2;U;U;U
05061500;6424840;2;2;U;2;2;U;2;2;2;2;2;2
05061680;6423570;U;U;U;U;U;U;2;1;1;U;U;U
05061700;6423030;U;U;U;U;U;U;2;2;2;U;U;U
05061850;6422640;U;U;U;U;U;U;2;2;2;U;U;U
05061900;6422390;3;3;U;3;3;U;3;3;2;2;2;2
05061940;6407800;2;2;U;U;U;U;2;2;2;2;2;U
05061942;6415890;2;3;U;2;3;U;2;2;2;2;2;2
05061944;6414700;U;U;U;U;U;U;2;2;2;U;U;U
05061945;6414050;2;2;U;2;2;U;2;2;2;U;U;U
05061950;6418758;3;3;U;2;2;U;2;2;2;5;5;U
05061980;6419490;U;3;U;U;3;U;U;2;2;U;U;U
05061982;6419470;2;3;U;1;3;U;2;2;2;U;U;U
05062010;6417750;2;3;U;1;3;U;2;2;2;U;U;U
05062015;6412040;2;3;U;2;3;U;2;3;3;U;U;U
05062016;6410290;3;3;U;U;U;U;3;3;3;U;U;U
05062017;6410220;3;3;U;U;U;U;3;3;2;U;U;U
05062019;6409760;U;3;U;U;3;U;U;2;2;U;U;U
05062950;6424300;U;U;U;U;U;U;2;2;2;U;U;U
05063000;6424800;3;3;U;3;3;U;2;2;2;2;2;2
05063100;6426330;U;U;U;U;U;U;1;2;1;U;U;U
05063150;6428740;2;2;U;1;1;U;2;2;2;2;2;U
05063350;6427490;2;2;U;1;1;U;2;2;2;2;2;U
05063400;6425060;2;2;U;1;1;U;2;2;2;U;U;U
05063800;6431080;2;2;U;2;2;U;2;2;2;U;U;U
05063850;6424810;U;U;U;U;U;U;U;U;U;2;2;U
05063900;6424530;3;3;U;3;3;U;3;3;2;U;U;U
05063950;6432990;3;3;U;3;3;U;2;2;2;2;2;2
05063980;6421940;4;3;U;4;3;U;5;5;5;2;2;U
05063984;6420480;4;4;U;4;4;U;5;5;5;2;2;U
05063985;6423140;3;3;U;3;3;U;2;2;2;U;U;U
05063990;6418800;2;2;U;1;1;U;2;2;2;2;2;U
05064000;6420540;3;3;U;3;3;U;3;3;2;2;2;2
05064120;6421950;3;3;U;3;3;U;3;3;3;2;2;2
05064750;6422960;2;2;U;1;2;U;2;2;2;2;2;U
05065000;6430930;3;3;U;3;3;U;3;2;2;2;2;2
05065480;6440620;3;3;U;3;3;U;U;U;U;U;U;U
05065500;6442310;2;2;U;2;2;U;2;2;1;2;2;2
05066000;6429650;3;3;U;3;3;U;2;2;2;2;2;2
05066090;6439940;2;2;U;2;2;U;2;2;2;U;U;U
05066100;6438920;U;3;U;U;3;U;U;U;U;U;U;U
05066910;6424530;3;3;U;U;U;U;3;3;3;U;U;U
05066950;6431010;2;2;U;U;U;U;2;2;2;U;U;U
05067000;6436730;2;2;U;2;2;U;2;2;2;2;2;2
05067800;6440400;2;2;U;1;1;U;2;2;2;2;2;2
05067950;6441930;2;2;U;1;2;U;2;2;2;2;5;2
05068000;6443120;2;2;U;2;2;U;2;2;2;U;U;U
05068020;6439820;2;2;U;2;2;U;2;2;2;5;5;2
05068030;6443280;2;2;U;1;1;U;2;2;2;U;U;U
05068032;6447350;5;5;U;5;5;U;4;3;4;U;U;U
05068080;6440700;2;2;U;2;2;U;2;2;2;5;5;U
05068120;6439310;2;2;U;1;2;U;2;2;2;2;2;U
05068140;6441660;2;2;U;2;2;U;2;2;2;2;2;U
05068145;6441720;3;2;U;3;2;U;2;2;2;2;2;U
05068150;6446820;2;2;U;2;2;U;2;2;2;2;2;2
05068160;6447550;3;3;U;U;U;U;3;3;2;2;2;2
05068170;6447000;2;2;U;1;2;U;2;2;2;U;U;U
05068180;6444680;2;2;U;2;2;U;2;2;2;U;U;U
05068260;6443640;3;3;U;U;U;U;3;3;2;U;U;U
05068270;6443800;2;2;U;2;2;U;2;2;2;2;5;5
05068300;6444170;2;2;U;1;1;U;2;2;2;2;2;5
05068350;6447190;2;2;U;2;2;U;2;2;2;U;U;U
05068355;6448730;2;2;U;2;2;U;2;2;2;2;5;5
05068367;6466730;3;2;U;2;1;U;3;2;2;U;U;U
05068368;6470090;2;2;U;1;1;U;2;2;1;2;2;U
05068369;6474890;2;2;U;2;2;U;2;2;2;2;2;U
05068370;6475700;2;2;U;U;U;U;2;2;2;U;U;U
05068371;6468330;2;2;U;1;1;U;2;2;1;U;U;U
05068400;6461940;2;3;U;2;3;U;2;2;1;2;2;2
05068410;6469070;2;1;U;1;1;U;2;1;1;U;U;U
05068420;6471780;2;2;U;1;1;U;2;2;2;2;2;U
05068460;6477270;2;3;U;1;1;U;2;3;3;U;U;U
05068470;6479940;3;3;U;3;3;U;4;4;4;2;5;2
05068475;6481560;2;2;U;1;1;U;2;2;2;U;U;U
05068480;6491350;3;3;U;3;3;U;2;2;2;U;U;U
05068485;6492590;1;1;U;1;1;U;1;1;1;U;U;U
05068500;6457180;3;2;U;3;U;U;2;2;U;2;2;U
05068505;6455560;2;2;U;2;2;U;2;2;2;2;2;U
05068510;6453200;3;3;U;3;3;U;2;2;2;U;U;U
05068530;6453240;3;2;U;U;2;U;3;2;2;U;U;U
05068600;6463930;3;3;U;3;3;U;3;3;2;U;U;U
05068630;6466610;2;3;U;2;3;U;2;2;2;U;U;U
05068640;6462490;2;2;U;2;2;U;2;2;2;2;2;2
05068645;6454070;2;2;U;2;2;U;2;2;2;2;5;2
05068650;6474010;3;3;U;3;3;U;2;2;2;U;U;U
05068655;6483690;2;2;U;1;1;U;1;1;2;2;2;U
05068660;6467030;3;3;U;3;3;U;3;3;2;2;2;U
05068700;6482110;2;2;U;2;2;U;2;2;2;2;2;2
05068750;6490530;3;2;U;2;2;U;2;2;2;2;2;2
05068760;6490820;3;2;U;3;2;U;2;2;2;2;2;2
05068775;6498800;2;2;U;U;U;U;1;1;1;U;U;U
05068820;6498570;2;2;U;U;U;U;1;1;1;U;U;U
05068850;6510650;2;2;U;2;2;U;2;2;2;U;U;U
05068890;6475860;2;3;U;2;3;U;2;2;2;2;2;5
05068905;6473140;2;2;U;U;1;U;2;2;2;U;U;U
05068907;6476870;3;3;U;3;3;U;3;2;2;U;U;U
05068910;6473000;3;3;U;U;U;U;3;3;2;2;2;U
05068912;6472560;3;2;U;3;2;U;2;2;2;U;U;U
05068915;6457480;3;3;U;2;2;U;3;3;2;U;U;U
05068916;6454520;3;3;U;3;3;U;3;3;3;U;U;U
05068920;6467530;3;3;U;3;3;U;3;3;2;2;5;2
05068927;6463460;2;2;U;2;2;U;2;2;2;U;U;U
05068935;6470720;3;3;U;U;U;U;3;3;2;2;2;U
05068938;6464760;2;2;U;2;2;U;2;2;2;U;U;U
05068940;6471030;3;3;U;U;U;U;3;3;3;2;2;U
05068945;6451140;3;2;U;U;U;U;3;2;2;2;2;U
05068948;6449000;2;2;U;1;1;U;2;2;2;5;5;U
05068950;6473250;2;2;U;U;U;U;2;2;2;2;2;U
05068955;6478720;2;2;U;1;2;U;2;2;2;2;2;U
05068960;6476740;2;2;U;1;2;U;2;2;2;U;U;U
05068995;6459080;2;2;U;2;2;U;2;2;2;U;U;U
05069000;6477260;2;2;U;2;2;U;2;2;2;2;2;5
05069200;6483950;2;2;U;1;1;U;1;1;1;2;2;U
05069220;6475800;1;2;U;1;1;U;1;2;1;U;U;U
05069222;6478980;2;2;U;U;U;U;2;2;2;U;U;U
05069224;6477400;3;3;U;U;U;U;3;3;3;U;U;U
05069225;6477100;3;3;U;U;U;U;3;3;2;U;U;U
05069230;6479180;2;2;U;1;1;U;2;2;2;5;5;U
05069242;6481880;2;2;U;2;2;U;2;2;2;U;U;U
05069245;6484580;1;1;U;1;1;U;1;1;1;U;U;U
05069248;6483730;2;2;U;U;U;U;2;1;2;U;U;U
05069250;6486150;2;2;U;2;2;U;2;2;2;U;U;U
05069260;6488930;2;2;U;U;U;U;2;2;2;U;U;U
05069300;6488660;2;3;U;U;U;U;2;3;4;2;2;U
05069310;6491590;2;2;U;2;1;U;2;2;2;U;U;U
05069350;6493730;2;2;U;1;1;U;1;1;1;2;2;U
05069360;6490200;2;2;U;U;U;U;2;2;2;U;U;U
05069400;6498550;3;3;U;3;3;U;2;2;2;2;2;2
05069450;6498840;1;1;U;1;1;U;1;1;1;U;U;U
05069510;6500470;2;2;U;1;1;U;2;2;1;U;U;U
05069750;6499540;2;2;U;2;2;U;2;2;2;U;U;U
05069800;6505070;3;2;U;1;1;U;4;2;4;U;U;U
05069900;6504510;2;2;U;2;2;U;2;2;2;2;2;2
05069910;6503160;1;2;U;1;2;U;1;2;1;U;U;U
05069940;6507510;2;2;U;1;1;U;2;2;1;U;U;U
05069970;6511640;2;2;U;1;1;U;2;2;2;U;U;U
05069972;6515900;2;3;U;2;2;U;2;3;3;U;U;U
05069975;6519660;3;3;U;2;2;U;4;4;4;U;U;U
05069978;6520790;2;3;U;2;2;U;2;4;4;U;U;U
05069980;6522980;3;3;U;3;3;U;4;4;4;U;U;U
05071280;6496140;2;2;U;2;2;U;2;2;2;U;U;U
05071300;6495940;2;2;U;2;2;U;2;2;2;2;2;2
05072000;6500570;3;3;U;3;3;U;2;2;2;U;U;U
05072050;6498940;3;3;U;3;3;U;2;2;2;2;2;2
05072130;6508020;3;3;U;U;U;U;5;5;5;5;5;U
05072140;6500510;4;5;U;4;5;U;3;3;3;U;U;U
05072148;6487760;3;4;U;U;4;U;3;3;3;U;U;U
05072150;6488730;3;4;U;U;4;U;4;4;4;2;2;2
05072215;6479740;3;U;U;3;2;U;U;U;U;U;U;U
05073000;6433930;3;3;U;U;U;U;4;4;4;5;5;U
05073100;6432690;3;3;U;U;U;U;5;5;5;2;5;2
05073798;6430270;3;3;U;U;U;U;3;5;5;U;U;U
05073800;6430160;3;3;U;3;3;U;3;4;4;2;2;2
05073860;6429740;3;3;U;U;U;U;3;3;3;U;U;U
05073903;6429150;3;3;U;U;U;U;3;5;5;U;U;U
05073905;6428410;3;3;U;U;U;U;3;5;5;U;U;U
05073910;6428540;3;3;U;U;U;U;3;4;4;U;U;U
05073920;6428510;3;3;U;U;U;U;3;3;3;U;U;U
05073952;6426660;3;U;U;U;U;U;4;2;2;U;U;U
05074000;6427920;4;4;U;4;4;U;2;2;2;2;5;2
05074100;6427000;5;4;U;5;4;U;4;4;4;5;2;5
05074416;6425500;4;4;U;4;4;U;4;3;3;U;U;U
05074418;6424670;3;3;U;U;U;U;4;4;4;U;U;U
05074430;6427200;3;3;U;U;U;U;5;5;5;U;U;U
05074460;6424930;3;3;U;U;U;U;3;3;3;U;U;U
05074467;6423130;3;3;U;U;U;U;3;3;3;U;U;U
05074470;6421130;3;3;U;2;2;U;3;3;3;U;U;U
05074500;6417920;5;5;U;5;5;U;4;4;4;5;5;5
05074550;6412610;3;3;U;3;3;U;U;U;U;U;U;U
05074580;6419580;5;5;U;5;5;U;2;2;4;5;5;U
05074600;6415700;3;3;U;3;3;U;2;3;3;2;2;2
05074630;6414270;3;3;U;U;U;U;5;5;5;2;5;5
05074700;6412960;4;4;U;4;4;U;3;4;4;2;5;2
05074710;6411220;4;4;U;4;4;U;3;3;3;U;U;U
05074750;6407120;4;3;U;4;3;U;4;3;4;2;2;U
05074800;6404740;3;3;U;3;U;U;4;4;4;2;2;2
05074805;6402430;3;U;U;3;2;U;U;U;U;U;U;U
05074840;6401850;3;3;U;3;3;U;5;5;4;2;2;U
05074900;6402970;3;3;U;3;3;U;4;4;4;U;U;U
05074920;6391060;3;3;U;3;3;U;4;3;4;5;5;2
05075000;6406360;3;3;U;U;U;U;5;5;5;5;5;U
05075200;6407610;4;4;U;4;4;U;4;4;4;2;2;2
05075250;6408040;3;3;U;3;3;U;2;2;2;2;2;U
05075650;6395570;3;3;U;2;2;U;5;5;5;U;U;U
05075700;6404460;3;3;U;3;3;U;3;2;2;U;U;U
05075800;6405190;5;5;U;5;5;U;3;4;4;2;2;2
05075900;6400620;3;3;U;3;3;U;2;2;2;2;2;2
05076000;6398460;3;3;U;U;U;U;3;4;4;2;2;2
05076010;6397720;5;5;U;5;5;U;2;3;3;U;U;U
05076050;6394230;3;2;U;3;2;U;3;2;3;2;2;2
05076450;6390610;4;4;U;4;4;U;3;4;5;U;U;U
05076600;6381770;3;3;U;3;2;U;4;4;4;U;U;U
05076800;6375440;3;3;U;3;3;U;3;2;3;2;2;2
05077000;6373570;3;3;U;3;3;U;2;2;2;2;2;2
05077350;6367180;3;3;U;3;3;U;4;3;4;2;2;U
05077370;6368250;3;2;U;2;2;U;4;2;4;U;U;U
05077400;6363110;U;3;U;2;3;U;U;U;U;U;U;U
05077560;6348780;3;3;U;3;3;U;4;2;2;2;2;2
05077600;6343480;2;2;U;2;2;U;2;2;2;2;2;2
05077650;6392510;4;4;U;4;4;U;2;2;3;U;U;U
05077675;6388080;3;3;U;3;3;U;2;3;3;U;2;2
05077700;6388230;3;3;U;3;3;U;3;3;4;2;2;U
05077850;6391300;5;5;U;5;5;U;4;4;4;2;2;2
05077900;6388920;4;4;U;4;4;U;2;2;3;U;U;U
05077945;6380250;5;5;U;5;5;U;3;3;3;U;U;U
05077950;6380060;3;3;U;2;2;U;3;3;3;2;2;U
05077970;6375730;3;3;U;3;3;U;3;2;3;2;2;U
05077995;6374380;2;2;U;2;2;U;2;2;2;2;2;U
05078820;6389960;U;U;U;U;U;U;U;2;2;U;U;U
05078900;6395190;4;4;U;4;4;U;2;2;2;5;5;2
05078910;6396390;4;4;U;4;4;U;3;3;3;2;2;U
05078950;6403510;5;5;U;5;5;U;U;U;U;U;U;U
05079000;6396630;2;2;U;2;2;U;2;2;2;5;2;2
05079050;6395540;5;4;U;5;4;U;4;4;4;U;U;U
05079100;6397160;4;4;U;4;4;U;2;2;2;5;2;2
05079101;6397600;U;3;U;U;U;U;U;3;3;U;2;2
05079110;6399500;5;5;U;5;5;U;U;U;U;U;U;U
05079200;6397350;5;4;U;5;4;U;4;4;4;2;2;2
05079410;6400530;2;2;U;U;U;U;2;2;3;U;U;U
05079450;6401840;5;5;U;5;5;U;4;5;4;5;2;2
05079800;6398380;4;3;U;4;3;U;3;3;3;2;2;U
05079900;6395870;2;3;U;U;U;U;2;3;3;U;U;U
05079950;6394610;3;3;U;U;U;U;4;5;5;U;U;U
05079953;6389980;4;4;U;4;4;U;U;U;U;U;U;U
05079955;6392750;3;3;U;U;U;U;3;3;3;U;U;U
05079960;6392270;3;3;U;U;U;U;3;3;3;U;U;U
05080050;6398600;4;4;U;4;4;U;3;3;3;U;U;U
05080430;6400240;3;3;U;3;3;U;4;4;4;U;U;U
05080650;6399310;5;5;U;5;5;U;4;4;3;2;2;U
05080700;6403270;3;2;U;3;2;U;3;2;2;2;2;2
05080710;6400060;3;3;U;3;3;U;2;2;3;2;2;2
05080725;6399560;4;4;U;4;4;U;2;2;3;U;U;U
05080730;6398330;3;4;U;3;4;U;U;U;U;U;U;U
05080735;6394880;5;5;U;5;5;U;4;4;4;U;U;U
05080740;6395260;2;2;U;U;U;U;2;2;2;U;U;U
05080741;6397010;3;3;U;U;U;U;5;5;5;U;U;U
05080742;6397200;3;3;U;3;3;U;3;3;3;2;2;U
05080744;6399200;3;3;U;U;U;U;3;3;3;U;U;U
05080745;6399780;2;2;U;2;2;U;2;2;2;2;2;U
05080850;6388490;2;2;U;2;2;U;2;2;3;5;2;2
05080890;6388210;4;3;U;4;3;U;2;3;3;U;U;U
05080900;6384530;3;3;U;3;3;U;2;2;2;2;2;2
05080940;6388370;5;5;U;5;5;U;4;U;4;2;U;2
05080960;6387250;5;5;U;5;5;U;3;3;3;5;5;2
05080990;6384650;5;5;U;5;5;U;2;2;2;5;5;U
05081000;6383230;3;3;U;3;3;U;2;2;2;5;2;2
05081980;6379750;3;3;U;3;3;U;3;3;3;2;2;2
05082000;6378420;3;3;U;3;3;U;2;2;2;2;2;2
05083000;6365640;3;3;U;3;3;U;2;2;2;2;2;U
05083300;6378800;4;4;U;4;4;U;4;4;4;2;2;2
05083350;6378870;3;3;U;U;U;U;4;4;3;2;2;2
05083400;6382330;5;5;U;5;5;U;5;5;5;2;2;2
05083575;6372980;3;3;U;3;3;U;4;4;4;5;5;U
05083580;6371920;3;3;U;3;3;U;2;2;2;2;2;2
05083582;6373600;3;2;U;3;2;U;3;2;3;U;U;U
05083585;6374720;4;4;U;4;4;U;3;3;3;2;2;2
05083586;6376040;5;5;U;5;5;U;3;3;3;2;2;U
05083587;6383580;5;5;U;5;5;U;3;3;3;U;U;U
05083588;6374730;5;5;U;5;5;U;4;4;4;2;2;2
05083650;6365410;5;5;U;5;5;U;2;2;2;U;U;U
05083700;6356450;3;4;U;3;4;U;2;2;2;2;2;5
05083800;6359900;U;U;U;U;U;U;2;2;2;U;U;U
05083900;6361970;3;3;U;U;U;U;3;3;2;U;U;U
05084000;6365580;3;3;U;3;3;U;3;3;3;2;2;5
05084100;6365570;3;3;U;U;U;U;3;3;3;U;U;U
05084500;6368190;3;3;U;U;U;U;3;3;3;U;U;U
05084550;6366280;4;4;U;4;4;U;5;5;5;2;2;2
05084700;6369460;U;U;U;U;U;U;2;2;3;U;U;U
05084800;6369080;3;3;U;U;U;U;3;4;3;U;U;U
05084825;6366710;5;5;U;5;5;U;U;U;U;U;U;U
05084850;6370160;3;3;U;U;U;U;3;3;3;U;U;U
05084900;6372810;3;3;U;U;U;U;3;3;3;U;U;U
05084985;6375150;2;2;U;2;2;U;2;2;2;U;U;U
05085000;6376170;3;3;U;3;3;U;3;3;4;2;2;2
05085050;6378650;4;4;U;4;4;U;5;5;5;2;2;2
05085350;6383350;3;4;U;3;4;U;3;3;3;U;U;2
05085520;6379070;3;3;U;3;3;U;3;3;4;2;2;2
05085524;6379340;3;3;U;U;U;U;3;4;4;U;U;U
05085530;6382640;3;3;U;U;U;U;3;3;3;2;2;2
05085540;6386900;5;5;U;5;5;U;2;3;3;2;2;U
05085545;6384680;5;5;U;5;5;U;4;4;4;2;2;2
05085600;6386460;3;3;U;3;3;U;4;4;3;U;U;U
05085900;6386960;2;2;U;2;2;U;2;2;2;U;U;U
05085950;6391040;3;3;U;3;3;U;2;2;2;2;2;2
05086000;6374210;3;3;U;3;3;U;2;3;2;2;2;5
05086050;6371570;3;3;U;U;U;U;3;3;2;U;U;U
05086100;6370360;U;U;U;U;U;U;2;2;2;U;U;U
05086150;6369850;U;3;U;U;U;U;2;3;3;U;U;U
05086220;6368230;3;3;U;U;U;U;3;3;3;U;U;U
05086250;6368350;3;3;U;U;U;U;5;5;5;2;2;2
05086260;6362990;4;4;U;4;4;U;2;2;3;2;2;2
05086270;6366870;3;3;U;3;3;U;2;2;2;U;U;U
05086280;6368240;3;2;U;3;2;U;2;2;2;2;2;2
05086300;6368600;3;3;U;U;U;U;3;3;3;U;U;U
05086350;6369300;3;3;U;U;U;U;3;3;3;U;U;U
05086900;6377340;U;U;U;U;U;U;2;2;2;U;U;U
05087000;6377840;3;3;U;3;3;U;2;2;2;2;2;5
05087400;6380950;3;3;U;2;3;U;1;2;2;5;2;2
05087880;6382330;4;4;U;4;4;U;2;3;2;U;U;U
05088050;6388280;2;2;U;U;U;U;1;2;1;U;U;U
05088120;6379180;3;3;U;3;3;U;2;2;2;2;2;5
05088130;6384610;2;3;U;2;3;U;2;1;1;2;2;2
05088139;6389120;U;U;U;U;U;U;2;1;2;U;U;U
05088150;6379080;U;U;U;U;U;U;2;2;2;U;U;U
05088300;6379090;U;3;U;U;U;U;2;3;2;U;U;U
05088380;6376960;3;3;U;U;U;U;4;4;1;U;U;U
05088382;6377070;2;3;U;2;2;U;2;3;2;2;2;2
05088400;6380420;3;3;U;3;3;U;2;2;2;2;2;5
05088433;6376450;2;2;U;1;1;U;2;2;2;2;2;2
05088440;6379400;3;3;U;U;U;U;4;4;2;U;U;U
05088450;6380700;3;3;U;3;3;U;2;2;2;2;2;2
05088470;6392740;3;2;U;U;U;U;3;2;2;U;U;U
05088475;6395240;U;U;U;U;U;U;2;2;2;U;U;U
05088480;6397410;2;2;U;U;U;U;2;2;2;U;U;U
05088490;6375150;2;2;U;1;1;U;2;2;2;2;2;2
05088500;6378180;3;3;U;U;U;U;5;5;2;U;U;U
05089000;6376160;3;3;U;3;3;U;2;2;2;2;2;5
05089030;6377030;U;3;U;U;U;U;2;3;2;U;U;U
05089040;6375230;U;3;U;U;U;U;2;3;2;U;U;U
05089042;6373970;U;3;U;U;U;U;2;3;2;U;U;U
05089050;6373410;3;3;U;3;3;U;2;2;2;U;U;U
05089060;6377200;3;3;U;1;2;U;3;3;3;U;U;U
05089080;6386780;2;2;U;2;2;U;2;2;2;2;2;U
05089088;6372610;U;U;U;U;U;U;2;2;1;U;U;U
05089090;6383910;2;2;U;2;2;U;2;2;4;2;2;2
05089490;6377380;U;3;U;U;U;U;2;3;2;U;U;U
05089500;6376910;U;U;U;U;U;U;2;2;2;U;U;U
05089900;6378880;U;3;U;U;U;U;2;3;2;U;U;U
05089950;6379200;3;3;U;U;U;U;4;4;1;U;U;U
05089990;6379720;2;2;U;2;2;U;2;2;1;U;U;U
05090000;6379640;3;4;U;3;4;U;2;2;2;5;2;2
05090020;6381190;U;U;U;U;U;U;2;2;2;U;U;U
05090050;6380350;3;4;U;3;4;U;2;2;2;U;U;U
05090065;6409560;2;2;U;2;2;U;2;2;2;U;U;U
05090067;6413650;U;2;U;U;U;U;U;2;1;U;U;U
05090078;6390390;U;3;U;U;U;U;2;3;3;U;U;U
05090110;6384610;U;3;U;U;U;U;2;3;2;U;U;U
05090120;6386270;3;3;U;U;U;U;3;3;2;U;U;U
05090150;6386810;3;3;U;U;U;U;3;3;2;U;U;U
05090170;6388890;3;3;U;U;U;U;3;3;1;U;U;U
05090200;6390200;U;3;U;U;U;U;2;3;2;U;U;U
05090205;6390540;2;2;U;U;U;U;2;2;2;U;U;U
05090600;6388220;U;3;U;U;U;U;2;3;2;U;U;U
05091000;6388240;3;3;U;3;3;U;2;2;2;2;2;2
05091020;6389260;2;2;U;2;1;U;2;2;2;U;U;U
05091033;6410270;3;3;U;U;U;U;3;5;5;U;U;U
05091050;6393290;U;U;U;U;U;U;1;1;1;U;U;U
05091054;6398320;2;2;U;U;U;U;2;2;2;U;U;U
05091061;6397450;2;2;U;U;U;U;2;2;2;U;U;U
05091063;6396720;3;3;U;1;2;U;4;4;2;U;U;U
05091065;6398220;3;3;U;U;U;U;3;3;2;U;U;U
05091066;6398310;3;3;U;U;U;U;5;5;5;U;U;U
05091070;6389780;3;3;U;3;3;U;2;3;2;U;U;U
05091076;6393000;U;U;U;U;U;U;2;2;4;U;U;U
05091080;6390220;U;3;U;U;U;U;2;3;3;U;U;U
05091085;6390230;U;3;U;U;U;U;1;3;1;U;U;U
05091090;6391170;2;3;U;2;2;U;2;3;2;2;2;U
05091150;6393870;2;2;U;U;U;U;1;1;1;U;U;U
05091180;6394960;U;U;U;U;U;U;2;2;1;U;U;U
05091200;6395970;U;U;U;U;U;U;2;2;1;U;U;U
05091210;6394960;2;2;U;1;2;U;2;2;2;U;U;U
05091215;6401450;2;2;U;U;U;U;1;2;2;U;U;U
05091225;6406870;2;2;U;U;U;U;2;2;2;U;U;U
05091228;6407890;U;3;U;U;U;U;U;3;3;U;U;U
05091229;6408170;U;2;U;U;U;U;U;2;2;U;U;U
05091230;6409560;3;3;U;U;U;U;4;4;3;U;U;U
05091231;6409860;3;3;U;U;U;U;4;4;5;U;U;U
05091232;6410220;3;3;U;U;U;U;3;5;5;U;U;U
05091235;6407780;2;2;U;1;1;U;2;2;2;U;U;U
05091275;6399320;2;2;U;2;2;U;2;2;2;2;U;U
05091280;6395740;U;3;U;U;U;U;1;3;1;U;U;U
05091282;6403040;2;2;U;U;U;U;2;2;2;U;U;U
05091290;6407590;3;2;U;U;U;U;3;2;2;U;U;U
05091300;6396220;U;U;U;U;U;U;2;2;1;U;U;U
05091313;6396430;U;2;U;U;U;U;U;2;2;U;U;U
05091400;6398200;2;2;U;U;U;U;2;2;2;2;2;U
05091450;6399370;2;2;U;1;1;U;2;2;2;2;2;2
05091480;6401600;U;2;U;U;U;U;U;2;2;U;U;U
05091500;6403640;2;2;U;U;U;U;2;2;2;U;U;U
05091520;6404040;2;2;U;2;2;U;2;2;1;2;2;U
05091540;6405730;2;3;U;2;3;U;2;3;2;2;U;U
05091542;6409590;2;2;U;U;U;U;2;2;2;U;U;U
05091545;6408360;U;2;U;U;U;U;U;2;2;U;U;U
05091550;6406240;2;2;U;U;U;U;2;2;2;U;U;U
05091553;6405590;2;2;U;U;U;U;2;2;2;U;U;U
05091555;6413320;2;2;U;U;U;U;2;2;2;U;U;U
05091559;6404720;2;2;U;U;U;U;2;2;2;U;U;U
05091560;6409680;2;3;U;2;3;U;2;2;2;2;2;2
05091575;6412630;2;2;U;U;U;U;1;1;1;U;U;U
05091590;6411210;2;2;U;U;U;U;2;2;2;U;U;U
05091592;6409370;2;2;U;U;U;U;2;2;2;U;U;U
05091600;6398650;4;4;U;4;4;U;2;2;2;U;U;U
05091640;6399080;2;2;U;U;U;U;2;2;2;U;U;U
05091670;6398240;2;2;U;2;2;U;2;2;U;U;U;U
05091685;6400720;2;2;U;U;U;U;2;2;2;U;U;U
05091695;6401880;2;2;U;U;U;U;2;1;2;2;U;U
05091705;6404090;2;2;U;U;U;U;2;2;2;2;U;U
05091715;6407660;2;2;U;U;U;U;2;2;2;U;U;U
05091725;6398240;3;2;U;3;2;U;2;2;2;U;U;U
05091750;6398660;3;3;U;3;3;U;2;2;U;U;U;U
05091760;6399740;2;2;U;1;2;U;2;2;2;U;U;U
05091763;6400690;U;3;U;U;U;U;U;3;3;U;U;U
05091764;6400860;U;3;U;U;U;U;U;4;4;U;U;U
05091765;6402400;2;2;U;U;U;U;2;2;2;U;U;U
05092000;6375390;2;3;U;2;3;U;1;1;1;U;U;U
05092050;6374670;U;U;U;U;U;U;2;1;1;U;U;U
05092060;6374450;3;3;U;3;3;U;1;1;2;U;U;U
05092070;6374930;U;U;U;U;U;U;1;2;1;U;U;U
05092100;6376610;U;U;U;U;U;U;2;1;1;U;U;U
05092200;6380570;3;3;U;3;3;U;2;2;2;2;2;2
05092800;6383070;U;U;U;U;U;U;2;2;2;U;U;U
05092975;6379830;2;2;U;2;2;U;2;2;2;U;U;U
05092980;6378780;3;2;U;3;2;U;2;2;2;U;U;U
05093000;6386940;3;3;U;3;3;U;2;2;2;2;2;2
05093300;6386230;2;2;U;2;2;U;2;2;2;5;2;2
05093550;6385460;5;5;U;5;5;U;4;4;5;5;5;5
05093600;6383710;2;2;U;U;U;U;2;2;2;U;U;U
05093700;6379860;3;3;U;3;3;U;2;3;3;U;U;U
05093750;6384150;3;3;U;3;3;U;2;2;2;U;U;U
05094000;6384780;2;2;U;U;U;U;2;2;2;U;U;U
05094810;6387680;3;3;U;3;3;U;2;2;1;2;2;2
05094820;6388580;3;3;U;3;3;U;2;2;2;5;5;5
05094825;6388880;2;3;U;2;3;U;2;2;2;U;U;U
05094880;6391840;2;2;U;2;2;U;2;2;2;U;U;U
05095000;6392750;2;3;U;2;3;U;2;2;2;2;2;2
05095100;6376970;2;2;U;2;2;U;2;2;2;U;U;U
05095110;6373850;3;3;U;2;3;U;3;3;3;U;U;U
05095120;6375150;2;2;U;2;1;U;2;2;2;U;U;U
05095150;6379840;2;2;U;2;2;U;2;2;2;U;U;U
05095160;6378210;2;2;U;2;2;U;2;2;2;U;U;U
05095170;6383760;3;3;U;3;3;U;2;2;2;U;U;U
05095305;6397000;2;2;U;2;2;U;2;2;2;2;2;U
05095980;6392740;3;3;U;3;3;U;2;2;2;2;2;U
05095985;6390330;3;3;U;3;3;U;2;2;2;2;2;U
05095995;6393530;2;1;U;1;1;U;2;1;1;U;U;U
05096000;6394620;2;2;U;2;2;U;2;2;2;2;2;2
05096010;6397840;2;2;U;2;2;U;2;2;1;U;U;U
05096030;6394730;2;2;U;2;2;U;2;1;2;U;U;U
05096050;6398550;2;2;U;2;2;U;2;2;1;2;2;2
05096060;6401350;2;2;U;2;2;U;2;1;1;U;U;U
05096080;6402960;2;2;U;2;2;U;2;2;2;U;U;U
05096085;6407410;2;2;U;2;2;U;2;2;2;2;2;U
05096090;6412740;2;2;U;2;2;U;2;2;2;U;U;U
05096100;6414280;2;2;U;2;2;U;2;2;2;2;2;U
05096355;6427160;U;2;U;U;2;U;U;2;2;U;U;U
05096360;6421820;2;3;U;2;3;U;2;2;1;2;2;U
05096365;6431920;U;3;U;U;1;U;U;4;4;U;U;U
05096370;6422580;3;3;U;3;2;U;4;4;2;U;U;U
05096400;6429250;2;2;U;2;2;U;2;2;2;2;2;2
05096407;6436430;U;2;U;U;1;U;U;2;2;U;U;U
05096410;6413060;2;2;U;1;1;U;2;2;2;2;2;U
05096445;6419040;3;3;U;2;2;U;3;3;2;U;U;U
05096450;6420480;2;2;U;2;2;U;2;2;2;U;U;U
05096480;6431590;2;2;U;2;2;U;2;2;2;U;U;U
05096490;6432030;3;3;U;U;3;U;5;4;4;U;U;U
05096805;6414420;2;2;U;1;2;U;2;2;2;2;2;U
05096810;6414260;3;3;U;3;3;U;2;3;3;2;2;2
05096815;6402630;2;2;U;1;1;U;2;2;2;U;U;U
05096850;6392380;3;3;U;3;3;U;3;3;3;2;2;U
05096995;6436120;U;3;U;U;2;U;U;5;5;U;U;U
05097000;6435780;3;3;U;3;3;U;4;4;4;2;5;2
05097200;6436720;3;3;U;3;3;U;2;2;3;2;2;2
05097280;6436950;3;4;U;3;4;U;2;2;2;U;U;U
05097281;6436000;U;2;U;U;U;U;U;2;3;U;U;U
05097500;6439790;4;4;U;4;4;U;2;2;3;2;2;2
05097510;6440560;4;4;U;4;4;U;3;3;3;U;U;U
05097550;6440040;3;3;U;3;3;U;5;5;3;U;U;U
05097650;6440610;U;3;U;U;1;U;U;3;3;U;U;U
05097750;6431630;3;2;U;3;2;U;2;2;2;2;2;2
05097760;6428700;U;3;U;U;2;U;U;4;4;U;U;U
05097800;6420760;3;3;U;3;3;U;2;3;2;2;2;2
05097860;6410480;2;2;U;2;2;U;2;2;2;2;2;2
05097900;6408360;3;3;U;3;3;U;3;3;3;5;2;5
05098000;6407460;2;2;U;2;2;U;2;2;2;U;U;U
05098020;6405900;3;3;U;3;3;U;U;U;U;U;U;U
05098800;6399120;2;2;U;2;2;U;2;2;2;2;2;U
05098850;6402520;3;3;U;3;3;U;1;1;2;2;2;2
05099000;6393700;2;2;U;2;2;U;2;2;2;2;2;2
05099120;6387660;2;2;U;2;2;U;1;1;1;U;U;U
05099150;6381350;2;2;U;1;2;U;2;2;2;2;2;U
05099170;6381270;2;2;U;2;2;U;1;1;1;2;2;2
05099300;6375080;3;3;U;3;3;U;4;3;4;U;U;U
05099450;6371350;2;3;U;U;U;U;2;2;2;2;2;2
05099980;6370850;2;2;U;2;2;U;2;2;2;U;U;U
05100000;6371610;3;3;U;3;3;U;2;3;2;2;2;2
05100080;6373940;2;2;U;2;2;U;2;2;2;U;U;U
05101000;6376960;3;3;U;3;3;U;2;2;2;2;2;2
05101200;6381470;3;3;U;2;2;U;3;3;2;U;U;U
05101350;6383480;3;2;U;3;1;U;2;2;2;U;U;U
05101400;6385240;3;2;U;2;2;U;4;1;2;U;U;U
05101405;6388340;3;3;U;3;3;U;2;2;2;U;U;U
05101420;6394130;3;3;U;3;3;U;2;2;2;2;2;2
05101500;6393230;2;2;U;2;2;U;2;2;2;U;U;U
05101600;6376880;3;3;U;2;3;U;2;2;2;2;2;2
05101700;6376090;2;2;U;1;2;U;2;2;2;U;U;U
05101900;6377130;2;2;U;1;1;U;2;2;2;U;U;U
05102000;6375850;4;3;U;4;3;U;2;2;1;2;2;2
05102010;6375690;2;2;U;2;2;U;2;2;2;U;U;U
05102030;6375540;2;2;U;1;1;U;2;2;2;U;U;U
05102100;6378420;3;3;U;2;3;U;2;2;2;2;2;2
05102120;6380090;U;2;U;U;2;U;U;U;U;U;U;U
05102150;6381400;2;2;U;1;1;U;2;2;2;U;U;U
05103000;6380200;3;3;U;2;2;U;2;2;2;5;5;5
05103990;6359570;5;5;U;5;5;U;4;4;4;2;5;2
05104000;6358050;3;3;U;3;3;U;2;2;3;5;5;2
05104315;6354660;5;5;U;5;5;U;4;3;3;U;U;U
05104320;6354680;4;3;U;4;3;U;3;2;2;U;U;U
05104325;6354430;U;U;U;U;U;U;U;1;2;U;U;U
05104500;6351140;3;3;U;3;3;U;2;2;2;2;2;2
05104900;6343060;4;4;U;4;4;U;2;2;2;5;5;U
05105000;6341210;3;3;U;3;3;U;2;2;2;5;2;5
05105200;6339640;3;3;U;U;U;U;3;3;3;U;U;U
05105800;6325380;3;3;U;2;2;U;2;3;2;2;2;2
05105950;6315860;4;4;U;4;4;U;4;4;3;2;2;2
05106000;6315600;3;3;U;3;3;U;3;3;2;2;2;5
05106200;6301180;3;3;U;U;U;U;3;3;3;2;2;2
05106240;6295170;2;2;U;1;1;U;2;2;2;2;2;2
05106245;6283690;4;4;U;4;4;U;4;4;3;2;2;U
05106310;6281570;3;3;U;3;3;U;3;2;2;2;2;2
05106330;6282040;3;3;U;3;3;U;3;3;3;U;U;U
05106350;6273800;3;3;U;3;3;U;2;2;2;2;5;2
05106400;6262900;3;3;U;U;U;U;3;3;3;2;2;U
05106430;6258220;4;3;U;4;2;U;5;5;5;2;2;U
05106500;6327110;3;3;U;2;2;U;4;4;4;2;2;2
05106520;6321470;5;5;U;5;5;U;2;2;2;U;U;2
05106600;6300130;3;3;U;2;3;U;4;5;4;2;2;2
05106650;6280260;3;3;U;U;U;U;3;3;3;U;U;U
05106700;6330880;2;2;U;U;U;U;2;2;3;U;U;U
05106750;6325340;4;4;U;4;4;U;3;4;5;2;2;2
05106760;6321060;5;4;U;5;4;U;3;3;4;2;2;U
05106820;6328660;3;3;U;3;2;U;3;2;2;2;2;2
05106850;6323920;3;3;U;3;3;U;3;3;3;2;2;2
05106855;6323960;4;4;U;4;4;U;2;2;2;2;2;2
05106900;6313310;5;4;U;5;4;U;3;3;3;2;2;2
05106950;6299750;4;3;U;4;U;U;3;3;3;U;U;U
05107000;6342310;3;4;U;3;4;U;2;2;2;2;2;2
05108000;6326650;3;3;U;3;3;U;2;2;2;2;2;2
05108050;6319830;3;3;U;2;3;U;4;4;4;2;2;2
05108100;6312810;3;3;U;2;2;U;4;4;4;2;2;2
05108145;6307920;4;4;U;4;4;U;3;4;4;2;2;2
05108150;6307760;3;3;U;U;U;U;3;3;3;2;2;2
05108180;6300420;5;5;U;5;5;U;3;3;3;2;2;2
05108190;6302130;3;3;U;2;2;U;4;3;4;2;2;U
05108195;6290350;4;4;U;4;4;U;3;2;3;2;2;U
05108200;6295116;3;3;U;3;3;U;3;3;3;2;2;2
05109000;6287760;4;3;U;4;3;U;2;3;2;5;5;2
05109001;6286840;U;2;U;U;U;U;U;2;2;U;U;2
05109010;6280010;2;3;U;U;U;U;2;3;2;2;5;2
05109020;6279915;3;3;U;3;3;U;2;2;2;2;2;2
05109900;6249580;2;2;U;2;2;U;2;2;2;2;2;2
05110000;6247690;3;3;U;2;2;U;2;2;2;5;2;2
05111000;6239620;3;3;U;1;1;U;2;2;2;2;2;2
05111005;6237370;U;2;U;U;U;U;U;2;2;U;U;U
05111039;6232360;2;2;U;1;1;U;2;2;2;U;2;5
05111040;6230110;3;3;U;1;1;U;3;3;3;U;U;U
05111100;6227890;2;2;U;1;1;U;2;2;2;5;5;U
05111300;6271970;2;3;U;2;3;U;2;2;2;U;U;U
05111340;6262790;3;3;U;3;3;U;2;2;2;2;2;2
05111350;6250400;2;2;U;U;U;U;2;2;2;U;U;U
05111360;6244180;2;2;U;1;1;U;2;2;2;2;2;U
05111370;6244290;3;3;U;2;3;U;2;3;3;2;2;2
05111390;6260630;3;2;U;2;2;U;2;2;2;2;2;2
05111400;6253340;3;3;U;U;U;U;2;2;2;5;5;U
05111450;6249930;3;3;U;U;U;U;2;2;2;5;5;U
05111500;6353390;3;3;U;3;3;U;2;2;3;2;2;2
05111530;6355100;4;4;U;4;4;U;3;3;2;2;2;2
05111550;6352420;3;4;U;3;4;U;3;3;3;2;2;U
05111595;6350010;U;U;U;U;U;U;U;1;2;U;U;U
05111600;6342320;3;3;U;3;3;U;2;2;2;U;U;U
05111602;6341850;3;3;U;3;3;U;2;2;2;U;U;U
05111608;6333630;4;4;U;4;4;U;3;3;3;2;2;2
05111610;6333210;5;5;U;5;5;U;2;2;2;2;2;U
05111620;6323330;3;4;U;3;4;U;3;3;3;2;2;2
05111635;6350890;2;2;U;2;2;U;2;2;2;U;U;U
05111650;6357040;4;4;U;4;4;U;3;3;3;2;2;2
05111900;6349210;2;2;U;U;U;U;2;2;2;U;U;U
05111940;6347660;3;3;U;U;U;U;3;3;3;U;U;U
05111950;6348410;4;4;U;4;4;U;3;4;5;2;2;2
05111960;6350950;U;3;U;U;3;U;U;U;3;U;U;U
05112000;6348360;2;3;U;2;3;U;2;2;2;U;U;U
05112150;6348250;3;3;U;U;U;U;3;3;3;U;U;U
05112170;6352500;2;2;U;U;U;U;2;2;2;U;U;U
05112210;6345010;5;3;U;5;3;U;5;3;3;2;2;U
05113000;6343380;3;3;U;3;3;U;2;3;2;2;2;2
05114000;6338240;4;4;U;4;4;U;2;2;2;5;2;2
05114400;6323850;5;5;U;5;5;U;3;2;2;U;U;U
05114490;6315320;5;5;U;5;5;U;3;3;3;2;2;U
05114500;6316530;3;3;U;3;3;U;3;3;2;U;U;U
05114750;6307730;3;3;U;3;3;U;U;U;U;U;U;U
05114800;6304360;4;4;U;4;4;U;3;3;2;U;U;U
05114820;6302700;5;4;U;5;4;U;5;4;4;U;U;U
05114910;6303020;3;3;U;3;3;U;3;2;3;U;U;U
05115000;6293850;2;3;U;2;3;U;2;3;3;2;2;2
05115150;6282180;3;3;U;3;3;U;3;3;3;2;2;2
05115185;6278080;3;3;U;3;3;U;2;2;3;2;2;U
05115200;6278820;2;3;U;1;3;U;2;2;2;2;2;U
05115350;6264970;3;2;U;U;U;U;3;2;2;2;2;2
05115550;6250690;2;2;U;2;2;U;2;2;2;2;2;2
05115600;6245810;2;2;U;2;2;U;1;1;2;2;2;2
05115950;6343880;2;3;U;2;2;U;2;3;2;2;5;2
05116050;6351860;2;2;U;2;2;U;2;2;2;2;5;2
05116055;6352720;5;5;U;5;5;U;3;3;3;U;U;U
05116070;6356340;2;2;U;2;2;U;2;2;2;U;U;U
05116080;6357890;2;3;U;U;U;U;2;3;3;U;U;U
05116100;6345990;3;3;U;3;3;U;2;2;2;2;2;2
05116500;6360100;2;2;U;1;1;U;2;2;2;U;U;U
05116530;6342450;3;3;U;3;3;U;2;2;2;U;U;U
05116532;6342070;5;5;U;5;5;U;2;4;4;U;U;2
05116600;6336780;2;3;U;2;2;U;2;2;3;2;2;2
05116650;6314810;4;4;U;4;4;U;3;3;3;2;2;5
05116990;6340970;U;U;U;U;U;U;U;1;1;U;U;U
05117000;6338460;3;3;U;3;3;U;2;3;2;2;2;2
05117100;6338160;2;3;U;U;U;U;2;3;3;U;U;U
05117110;6336920;3;3;U;U;U;U;3;3;3;2;2;U
05117430;6339320;3;3;U;3;3;U;2;2;2;2;2;2
05117450;6342700;4;4;U;4;4;U;2;2;2;2;2;U
05117500;6343170;3;3;U;3;3;U;2;2;2;2;2;2
05117530;6347550;2;2;U;2;2;U;2;2;2;U;U;U
05117540;6346510;2;2;U;U;U;U;2;2;2;U;U;U
05117580;6355500;3;2;U;1;1;U;2;2;2;2;2;2
05117605;6362040;U;U;U;U;U;U;2;2;2;U;U;U
05118000;6329250;3;3;U;3;3;U;2;2;2;5;2;2
05118700;6304290;3;3;U;2;3;U;2;2;2;5;2;5
05118703;6302200;3;3;U;3;3;U;3;3;4;U;U;U
05118705;6301760;3;4;U;3;4;U;3;4;4;2;2;2
05118707;6293570;3;3;U;3;3;U;2;2;2;2;2;2
05118710;6285090;2;2;U;2;2;U;2;2;2;U;U;U
05118750;6258780;2;2;U;1;U;U;2;2;2;U;U;U
05118760;6252390;4;4;U;4;4;U;3;3;3;2;2;2
05118785;6253560;2;2;U;1;1;U;2;2;2;2;2;2
05118790;6249390;2;2;U;U;U;U;2;1;1;U;U;U
05118795;6246580;2;2;U;U;U;U;2;2;2;U;U;U
05118840;6335540;U;U;U;U;U;U;U;2;3;U;U;U
05118880;6334780;3;3;U;3;3;U;2;2;2;U;U;U
05118893;6322160;4;4;U;4;4;U;3;4;3;2;2;2
05118900;6329390;3;3;U;3;3;U;3;3;2;2;2;2
05118930;6336040;5;5;U;5;5;U;2;2;2;U;U;U
05118950;6334520;3;3;U;3;3;U;2;3;2;2;2;2
05118990;6335280;U;U;U;U;U;U;U;2;2;U;U;U
05119000;6334310;3;3;U;3;3;U;2;3;3;5;2;2
05119030;6336140;5;5;U;5;5;U;4;5;4;U;U;U
05119040;6339280;4;3;U;4;3;U;2;2;2;2;2;2
05119050;6339160;2;3;U;2;3;U;2;3;2;2;2;2
05119056;6340490;4;4;U;4;4;U;2;3;4;U;U;U
05119065;6350300;4;4;U;4;4;U;4;4;4;2;2;2
05119067;6352550;4;4;U;4;4;U;5;5;5;U;U;U
05119068;6352630;2;2;U;U;U;U;2;2;3;U;U;U
05119070;6343400;4;4;U;4;4;U;2;3;3;U;U;U
05119080;6343790;2;2;U;2;2;U;2;2;2;U;U;U
05119100;6353710;U;3;U;2;3;U;U;U;U;U;U;U
05119105;6356160;2;2;U;2;2;U;2;2;2;U;U;U
05119120;6333460;3;3;U;U;U;U;4;5;4;U;U;U
05119125;6327120;3;3;U;U;U;U;4;4;4;U;U;U
05119750;6333760;4;4;U;4;4;U;2;2;2;2;2;2
05119902;6332400;5;5;U;5;5;U;3;3;3;U;U;U
05119990;6328840;2;3;U;U;U;U;2;3;3;U;U;U
05120000;6332920;3;3;U;3;3;U;2;2;2;2;2;2
05120005;6332940;4;3;U;4;3;U;4;4;4;2;2;2
05120010;6336660;4;4;U;4;4;U;2;2;2;2;2;2
05120011;6337500;U;3;U;U;U;U;U;3;3;U;U;5
05120013;6343270;2;2;U;2;2;U;2;2;2;U;U;U
05120015;6345340;3;3;U;2;2;U;5;4;4;U;U;U
05120016;6342550;3;3;U;2;2;U;3;3;2;U;U;U
05120017;6333430;3;3;U;U;U;U;4;3;4;U;U;U
05120018;6332220;3;3;U;U;U;U;3;3;4;U;U;U
05120019;6333030;3;3;U;U;U;U;5;5;5;U;U;U
05120020;6334640;3;3;U;3;3;U;2;2;2;2;2;2
05120021;6335680;U;2;U;U;U;U;U;2;2;U;U;U
05120022;6349720;3;3;U;3;3;U;U;U;U;U;U;U
05120025;6331820;3;3;U;3;3;U;2;2;3;U;U;U
05120027;6332330;3;3;U;U;U;U;3;3;3;U;U;U
05120032;6331400;3;3;U;U;U;U;3;3;3;U;U;U
05120035;6333660;3;3;U;U;U;U;3;3;3;U;U;U
05120040;6325920;4;4;U;4;4;U;2;2;3;U;U;U
05120050;6328880;2;2;U;2;2;U;2;2;2;2;2;2
05120070;6331510;3;3;U;3;3;U;2;2;2;U;U;U
05120085;6320080;3;3;U;3;3;U;2;2;2;2;2;2
05120090;6324370;4;3;U;4;3;U;3;3;4;U;U;U
05120091;6321330;2;2;U;2;2;U;2;2;2;2;2;2
05120092;6321150;3;3;U;3;3;U;2;2;2;U;U;U
05120095;6322270;5;5;U;5;5;U;4;4;3;U;U;U
05120100;6323090;5;4;U;5;4;U;4;2;2;2;2;2
05120130;6351300;2;2;U;2;2;U;2;2;2;U;U;U
05120143;6343110;3;2;U;3;2;U;2;2;2;U;U;U
05120150;6341030;3;2;U;3;2;U;3;2;2;U;U;U
05120194;6323880;3;2;U;3;2;U;2;2;2;U;U;U
05120850;6329530;3;3;U;3;3;U;2;2;2;U;U;U
05121000;6337400;3;3;U;3;3;U;2;2;2;2;2;2
05121320;6348760;4;4;U;4;4;U;2;2;2;U;U;U
05121350;6347640;2;3;U;2;3;U;2;2;2;2;2;2
05121400;6343120;2;2;U;2;1;U;2;2;2;U;U;U
05121500;6339340;2;2;U;U;U;U;2;2;2;U;U;U
05122000;6337360;3;3;U;3;3;U;2;2;2;2;2;2
05122300;6331720;2;2;U;U;U;U;2;2;2;U;U;U
05122400;6330580;2;2;U;U;U;U;2;2;2;U;U;U
05122700;6330460;3;2;U;U;U;U;3;2;2;U;U;U
05122720;6327970;5;5;U;5;5;U;2;2;2;2;2;2
05122850;6332030;3;3;U;3;3;U;2;2;3;2;2;2
05122895;6331720;2;2;U;2;2;U;2;2;2;2;5;2
05122900;6332190;2;2;U;U;U;U;2;2;2;U;U;U
05122948;6333250;2;2;U;U;U;U;2;2;2;U;U;U
05122950;6332530;4;4;U;4;4;U;2;2;2;2;2;2
05122952;6332230;2;2;U;U;U;U;2;2;2;U;U;U
05123000;6330360;3;3;U;3;3;U;3;3;3;2;2;2
05123950;6328990;3;3;U;3;3;U;4;4;4;2;2;2
05123954;6324600;U;5;U;U;5;U;U;U;U;U;U;U
05123955;6324550;U;5;U;U;5;U;U;U;U;U;U;U
05124000;6328760;3;3;U;3;3;U;2;2;2;2;2;2
05124050;6329240;3;3;U;3;3;U;2;2;2;2;2;2
05124055;6330410;2;3;U;U;U;U;2;3;3;U;U;U
05124190;6327730;2;2;U;2;2;U;2;2;2;2;2;2
05124200;6326180;3;3;U;3;3;U;2;2;2;U;U;U
05124250;6325930;5;5;U;5;5;U;2;2;2;2;2;2
05124270;6330160;2;3;U;2;3;U;2;3;3;2;2;2
05124282;6348430;2;2;U;1;1;U;2;2;2;U;U;U
05124285;6341300;2;2;U;1;1;U;2;2;2;U;U;U
05124940;6338030;3;3;U;3;3;U;2;2;3;U;U;U
05125000;6342260;3;3;U;3;3;U;3;3;3;2;2;2
05125050;6344000;2;3;U;2;3;U;2;2;2;U;U;U
05125100;6348540;2;2;U;1;1;U;2;2;2;U;U;U
05125150;6351760;3;3;U;3;3;U;2;2;2;U;U;U
05125160;6354670;4;5;U;4;5;U;3;3;3;U;U;U
05125200;6340790;3;3;U;3;3;U;2;2;2;2;2;2
05125230;6348900;2;2;U;2;2;U;2;2;2;U;U;U
05125235;6355000;2;2;U;2;2;U;2;2;2;U;U;U
05125255;6351060;3;3;U;3;3;U;2;2;2;U;U;U
05125260;6351060;3;3;U;3;3;U;2;2;2;2;2;2
05125265;6345770;U;3;U;U;3;U;U;U;2;U;U;U
05125280;6350630;3;3;U;3;3;U;2;3;2;U;U;U
05125290;6341440;2;2;U;U;U;U;2;2;2;U;U;U
05125300;6343630;3;3;U;3;3;U;3;3;3;2;2;2
05125400;6336250;3;3;U;3;3;U;2;2;2;U;U;U
05125405;6336900;3;3;U;3;3;U;2;2;2;U;U;U
05125407;6334730;3;3;U;3;3;U;2;2;2;U;U;U
05125410;6334040;2;2;U;2;2;U;2;2;2;U;U;U
05125420;6334480;2;2;U;2;2;U;2;2;2;U;U;U
05125425;6334870;4;4;U;4;4;U;2;3;3;U;U;U
05125430;6334530;2;3;U;2;3;U;2;2;2;U;U;U
05125450;6330690;3;3;U;3;3;U;2;2;2;U;U;U
05125455;6328730;3;3;U;3;3;U;2;2;2;U;U;U
05125457;6331700;4;4;U;4;4;U;2;2;2;U;U;U
05125460;6329450;2;2;U;U;U;U;2;2;2;U;U;U
05125500;6340290;3;3;U;3;3;U;2;2;2;U;U;U
05125510;6338460;3;3;U;3;3;U;2;2;2;U;U;U
05125540;6340630;3;3;U;3;3;U;2;2;2;2;2;2
05125545;6345010;3;3;U;3;3;U;2;2;2;U;U;U
05125600;6347850;4;4;U;4;4;U;2;2;2;2;2;2
05125615;6345410;2;2;U;U;U;U;2;2;2;U;U;U
05125640;6348780;4;5;U;4;5;U;3;3;2;U;U;U
05125650;6350020;3;3;U;3;3;U;3;3;3;2;2;2
05125700;6346480;3;3;U;3;3;U;2;2;2;U;U;U
05125750;6351170;2;2;U;2;2;U;2;2;2;U;U;U
05125780;6345700;3;3;U;3;3;U;2;2;2;5;5;2
05125800;6353480;3;3;U;3;3;U;2;2;2;U;U;U
05125850;6356570;2;2;U;U;U;U;2;2;2;U;U;U
05125858;6355920;2;3;U;2;3;U;2;2;2;U;U;U
05125860;6355270;3;3;U;3;3;U;2;2;2;5;5;2
05125863;6354690;3;3;U;3;3;U;2;2;2;2;2;2
05125870;6351210;3;3;U;3;3;U;2;2;2;U;U;U
05125900;6345590;3;3;U;3;3;U;4;4;4;5;2;2
05125960;6354510;4;4;U;4;4;U;3;3;3;U;U;U
05125995;6350010;4;4;U;4;4;U;2;2;2;U;U;U
05126000;6354570;3;3;U;3;3;U;2;2;2;2;2;2
05126040;6360150;3;3;U;3;3;U;2;2;2;U;U;U
05126050;6361603;5;3;U;5;2;U;2;2;2;2;2;2
05126060;6361710;3;2;U;3;2;U;2;2;2;U;U;U
05126068;6368430;3;3;U;3;3;U;2;2;2;U;U;U
05126070;6361040;2;3;U;2;2;U;2;2;2;2;5;2
05126090;6363330;3;2;U;3;2;U;2;2;2;U;U;U
05126100;6363890;3;3;U;3;3;U;2;2;2;2;2;2
05126150;6363780;3;3;U;3;3;U;2;2;2;2;2;2
05126160;6364310;4;4;U;4;4;U;2;2;2;U;U;U
05126500;6359700;3;3;U;3;3;U;2;2;2;2;2;2
05127000;6360010;3;3;U;3;3;U;2;2;2;2;2;2
05127100;6360260;2;3;U;U;U;U;2;3;3;U;U;U
05127150;6361880;2;2;U;U;U;U;2;2;2;U;U;U
05127160;6361450;3;3;U;3;3;U;2;3;2;U;U;U
05127200;6362640;4;3;U;4;3;U;2;2;2;U;U;U
05127300;6363780;5;5;U;5;5;U;3;3;3;U;U;U
05127400;6361030;2;2;U;2;2;U;2;2;2;2;2;U
05127460;6360600;2;2;U;2;2;U;2;2;2;U;U;U
05127470;6358580;4;4;U;4;4;U;3;4;4;2;2;2
05127500;6360740;2;2;U;2;2;U;2;2;2;2;2;2
05127660;6362410;2;2;U;2;2;U;2;2;2;U;U;U
05127800;6364980;2;2;U;U;U;U;2;2;2;U;U;U
05127900;6370850;2;2;U;U;U;U;2;2;3;2;2;2
05128000;6363090;3;3;U;3;3;U;2;2;2;2;2;2
05128020;6361190;3;3;U;3;3;U;3;3;3;U;U;U
05128050;6362130;2;2;U;U;U;U;1;1;2;U;U;U
05128950;6332230;5;5;U;5;5;U;3;4;3;2;2;2
05129000;6329780;3;3;U;3;U;U;2;3;3;5;5;2
05129025;6325250;3;2;U;U;U;U;4;2;4;U;U;U
05129029;6324390;3;3;U;U;U;U;4;5;5;U;U;U
05129060;6325160;3;U;U;U;U;U;3;U;3;U;U;U
05129070;6322430;4;3;U;4;3;U;3;3;3;2;2;5
05129073;6317390;4;3;U;4;3;U;2;2;2;U;U;U
05129074;6316840;3;4;U;3;4;U;3;4;4;2;2;2
05129078;6313620;4;4;U;4;4;U;3;3;3;2;2;2
05129079;6314070;U;5;U;U;5;U;U;5;5;U;2;2
05129085;6318980;2;2;U;U;U;U;2;2;2;U;U;U
05129086;6313990;U;3;U;U;3;U;U;U;U;U;U;U
05129088;6313970;U;3;U;U;3;U;U;U;U;U;U;U
05129100;6319960;2;3;U;2;3;U;2;3;3;2;5;2
05129150;6315270;5;5;U;5;5;U;4;4;3;2;2;5
05129155;6310520;3;3;U;U;U;U;5;5;5;U;U;U
05129160;6312980;4;4;U;4;4;U;3;3;3;U;U;U
05129900;6309680;4;3;U;4;3;U;4;4;4;2;2;2
05130000;6308810;3;4;U;3;4;U;2;2;2;2;2;2
05130001;6309380;U;2;U;U;U;U;U;2;2;U;U;2
05130100;6306780;2;2;U;U;U;U;2;2;2;U;U;U
05130500;6301930;5;5;U;5;5;U;4;4;4;U;U;U
05131000;6298390;4;4;U;4;4;U;2;2;2;2;2;2
05131200;6294880;3;3;U;3;3;U;3;3;3;2;2;2
05132000;6297570;3;3;U;3;3;U;3;4;4;U;U;U
05132100;6297500;3;3;U;3;3;U;2;2;2;2;2;2
05132600;6298540;2;2;U;2;2;U;2;2;2;2;2;2
05132619;6293040;U;5;U;U;5;U;U;U;U;U;U;U
05132800;6310180;3;3;U;3;3;U;2;2;2;U;U;U
05132809;6310230;U;4;U;U;4;U;U;U;U;U;U;U
05132810;6310210;U;4;U;U;4;U;U;U;U;U;U;U
05133000;6296740;4;4;U;4;4;U;2;2;2;5;2;2
05133100;6296600;3;3;U;2;2;U;2;2;2;5;5;2
05133107;6296560;U;5;U;U;5;U;U;U;U;U;U;U
05133108;6296920;U;3;U;U;3;U;U;U;U;U;U;U
05133280;6305480;2;2;U;1;1;U;2;2;2;U;U;U
05133300;6303970;5;5;U;5;5;U;2;1;1;2;2;2
05133400;6302470;3;2;U;3;2;U;2;2;2;U;U;U
05133500;6300720;2;2;U;2;1;U;1;1;2;U;U;U
05134000;6292400;3;3;U;3;3;U;2;2;2;2;2;2
05134220;6283160;U;3;U;U;3;U;U;3;2;U;2;2
05134250;6281960;3;2;U;3;2;U;2;2;2;5;5;2
05134260;6286270;3;3;U;3;3;U;2;2;2;U;U;U
05134263;6289190;U;5;U;U;5;U;U;U;U;U;U;U
05134264;6289130;U;5;U;U;5;U;U;U;U;U;U;U
05134300;6280320;2;2;U;2;2;U;2;2;2;U;U;U
05134310;6277500;3;3;U;3;3;U;3;3;3;5;5;2
05134350;6275020;3;3;U;3;3;U;4;4;4;2;2;2
05134351;6273700;U;3;U;U;3;U;U;U;U;U;U;U
05134352;6273630;U;3;U;U;3;U;U;U;U;U;U;U
05134360;6270970;3;3;U;2;3;U;4;4;4;U;U;U
05134364;6265980;U;4;U;U;4;U;U;U;U;U;U;U
05134365;6265870;U;2;U;1;2;U;U;U;U;U;U;U
05134374;6264310;U;3;U;U;3;U;U;U;U;U;U;U
05134375;6264280;U;3;U;U;3;U;U;U;U;U;U;U
05134380;6265400;3;3;U;3;3;U;3;3;2;U;U;U
05134400;6264470;3;2;U;3;2;U;2;2;2;U;U;U
05134430;6261800;2;2;U;2;2;U;2;2;2;U;U;U
05134432;6260180;2;3;U;U;U;U;2;2;2;2;2;2
05134500;6259790;2;2;U;2;2;U;1;1;2;U;U;U
05134520;6259210;2;2;U;2;2;U;2;2;2;U;U;U
05134540;6258950;2;2;U;U;U;U;2;2;2;U;U;U
05134550;6259880;2;2;U;U;U;U;2;2;2;U;U;U
05134581;6281650;U;3;U;U;3;U;U;U;U;U;U;U
05134600;6277520;2;2;U;2;2;U;2;2;2;2;2;2
05134900;6275910;3;3;U;3;3;U;2;3;2;2;2;2
05135000;6273360;3;4;U;2;4;U;2;2;2;2;2;2
05135100;6271520;4;4;U;4;4;U;2;2;2;2;2;2
05135300;6269000;2;2;U;U;U;U;2;2;2;U;U;U
05135900;6268110;2;2;U;2;2;U;2;2;2;U;U;U
05135906;6270430;U;3;U;U;3;U;U;U;U;U;U;U
05135907;6270420;U;4;U;U;4;U;U;U;U;U;U;U
05135909;6268500;U;3;U;U;3;U;U;U;U;U;U;U
05136000;6267090;2;2;U;1;2;U;2;2;2;2;2;2
05136200;6262720;2;1;U;2;1;U;2;1;1;U;U;U
05136900;6259330;1;2;U;1;2;U;1;1;1;U;U;U
05137000;6267350;3;3;U;3;3;U;1;1;1;2;2;2
05137001;6267290;U;2;U;U;U;U;U;1;1;U;U;2
05137050;6268500;1;1;U;1;1;U;1;1;1;U;U;U
05137069;6273740;U;3;U;U;3;U;U;U;U;U;U;U
05137090;6270120;1;1;U;1;1;U;1;1;1;U;U;U
05137200;6266850;3;3;U;3;3;U;2;2;3;U;U;U
05138000;6265590;3;3;U;3;3;U;2;2;2;2;2;2
05138100;6264250;3;3;U;3;3;U;2;2;2;U;U;U
05138200;6263880;2;2;U;1;1;U;2;2;2;U;U;U
05138900;6263130;3;3;U;3;3;U;2;2;2;2;2;2
05139000;6276370;2;2;U;2;2;U;2;2;2;2;2;U
05139100;6278350;3;3;U;3;3;U;2;3;2;2;2;2
05139130;6274870;3;3;U;3;3;U;2;2;2;U;U;U
05139140;6278610;2;2;U;2;2;U;2;2;2;U;U;U
05139200;6276510;2;2;U;2;2;U;2;2;2;U;U;U
05139215;6280750;3;2;U;3;2;U;2;2;2;U;U;U
05139220;6281660;2;2;U;2;2;U;2;2;2;2;2;2
05139230;6282810;1;1;U;1;1;U;1;1;2;U;U;U
05139238;6284510;U;3;U;U;3;U;U;U;U;U;U;U
05139240;6284720;U;3;U;U;3;U;U;U;U;U;U;U
05139310;6287090;2;2;U;2;2;U;2;2;2;2;2;2
05139330;6292710;2;2;U;2;2;U;2;2;2;2;2;2
05139345;6291050;2;2;U;1;1;U;2;2;2;2;2;2
05139350;6290900;2;2;U;2;2;U;2;2;2;U;U;U
05139390;6289470;2;2;U;2;2;U;2;2;2;2;2;2
05139900;6282860;2;3;U;U;3;U;2;2;2;U;U;U
05140000;6282370;3;3;U;3;3;U;1;1;1;2;2;2
05140050;6282450;2;2;U;2;2;U;1;1;1;U;U;U
05140060;6278030;2;2;U;2;2;U;2;2;2;U;U;U
05140065;6279110;2;2;U;2;2;U;1;1;2;U;U;U
05140070;6280310;1;1;U;1;1;U;1;1;2;U;U;U
05140090;6285810;3;3;U;2;2;U;3;3;2;U;U;U
05140100;6289250;2;3;U;2;3;U;2;2;2;U;U;U
05140150;6278670;3;3;U;3;3;U;1;1;2;2;2;2
05140200;6289280;3;3;U;3;3;U;5;5;5;2;2;2
05140500;6284640;2;2;U;2;2;U;2;2;2;5;5;2
05141000;6300540;3;3;U;3;3;U;2;2;2;2;2;2
05141100;6303170;3;2;U;U;U;U;2;2;2;2;2;2
05141300;6306460;4;4;U;4;4;U;4;4;5;2;2;2
05141700;6311750;U;3;U;U;U;U;2;5;3;2;2;2
05141780;6312480;2;3;U;2;2;U;2;2;2;2;5;5
05141789;6307160;U;4;U;U;4;U;U;U;U;U;U;U
05141800;6316260;3;2;U;3;2;U;4;2;4;2;2;2
05141950;6313960;2;2;U;U;U;U;2;2;2;2;2;2
05142000;6314970;3;3;U;U;U;U;3;3;3;2;2;2
05142100;6316920;4;4;U;4;4;U;2;3;2;5;5;2
05142107;6320250;U;4;U;U;4;U;U;U;U;U;U;U
05142109;6320300;U;5;U;U;5;U;U;U;U;U;U;U
05142120;6314660;3;3;U;3;3;U;3;3;3;2;2;2
05142125;6311050;U;U;U;U;U;U;U;2;2;U;2;2
05142150;6315030;3;3;U;3;3;U;2;2;2;5;2;2
05142155;6313270;U;U;U;U;U;U;U;2;2;U;2;2
05142183;6322670;U;3;U;U;3;U;U;U;U;U;U;U
05142184;6323130;U;3;U;U;3;U;U;U;U;U;U;U
05142200;6316640;4;4;U;4;4;U;4;4;4;U;U;U
05142495;6315420;3;3;U;3;3;U;2;2;2;2;2;2
05142500;6316440;3;3;U;2;1;U;3;3;3;2;2;2
05142520;6318610;3;2;U;3;2;U;2;2;2;U;U;U
05142540;6315880;2;2;U;2;2;U;2;2;2;2;2;2
05142600;6316181;3;2;U;3;2;U;2;2;3;U;U;U
05142900;6314770;3;3;U;3;3;U;2;2;2;2;5;5
05143000;6314240;3;3;U;3;3;U;2;2;2;5;5;2
05143120;6301030;2;2;U;2;2;U;2;2;2;U;U;U
05143200;6300880;2;2;U;2;2;U;2;2;2;U;U;U
05143990;6322020;3;3;U;3;3;U;2;2;2;2;2;2
05144000;6322140;3;3;U;3;3;U;2;3;3;2;2;2
05144250;6336590;4;3;U;4;3;U;2;2;2;2;2;2
05144300;6329630;3;2;U;2;2;U;3;2;2;U;U;U
05144500;6321410;2;3;U;2;2;U;2;3;3;5;5;2
05144520;6322480;3;3;U;2;2;U;3;3;3;U;U;U
05145000;6319520;3;3;U;3;2;U;3;3;3;U;U;U
05145100;6317350;2;2;U;1;1;U;2;2;2;U;U;U
05145200;6316930;3;3;U;3;3;U;3;3;3;2;2;2
05145215;6310570;3;2;U;3;2;U;2;2;2;U;U;U
05145280;6300030;2;2;U;1;2;U;2;2;2;U;U;U
05145300;6298890;2;2;U;2;2;U;2;2;2;2;2;2
05145410;6311450;2;2;U;U;U;U;2;2;2;U;U;U
05145440;6314550;2;2;U;U;U;U;2;2;2;U;U;U
05145600;6328790;2;2;U;U;U;U;2;2;2;2;2;2
05145650;6341490;2;3;U;2;3;U;2;2;2;2;2;2
05145660;6344080;U;3;U;2;3;U;U;U;U;U;U;U
05145687;6331220;3;3;U;3;3;U;2;2;2;U;U;U
05145700;6326430;3;3;U;3;3;U;2;2;2;2;2;2
05145750;6322231;2;2;U;2;2;U;2;2;2;U;U;U
05145760;6322420;2;2;U;2;2;U;2;2;2;U;U;U
05145900;6332210;2;2;U;1;1;U;2;2;2;U;U;U
05147000;6333680;4;3;U;4;3;U;2;2;2;2;2;2
05148000;6334260;2;2;U;2;2;U;2;2;2;5;2;2
05148020;6331050;1;2;U;1;1;U;1;2;1;U;U;U
05148080;6334440;2;2;U;1;1;U;2;2;2;U;U;U
05148150;6328970;2;2;U;1;1;U;2;2;2;U;U;U
05148180;6329270;2;2;U;1;1;U;2;2;2;U;U;U
05148200;6330830;2;2;U;2;2;U;1;1;1;2;2;2
05148680;6340260;3;3;U;3;3;U;2;2;2;U;U;U
05148700;6340250;2;2;U;2;2;U;2;2;2;U;U;U
05148850;6344950;3;3;U;3;3;U;2;2;2;U;U;U
05149000;6344630;3;2;U;3;2;U;2;2;2;2;2;2
05149001;6345380;U;2;U;U;U;U;U;2;2;U;U;2
05149500;6343460;2;2;U;2;2;U;1;2;2;U;U;U
05149520;6344380;3;2;U;2;2;U;2;2;2;2;2;2
05149600;6346850;1;1;U;1;1;U;1;1;2;U;U;U
05149650;6351220;2;2;U;2;1;U;2;2;2;U;U;U
05149700;6353970;3;3;U;1;1;U;3;3;2;U;U;U
05149850;6362020;3;3;U;1;1;U;3;3;3;U;U;U
05150000;6359470;3;3;U;3;3;U;2;2;2;2;2;2
05150400;6362750;3;3;U;1;1;U;3;3;3;U;U;U
05150600;6362060;2;3;U;2;2;U;2;3;3;U;U;U
05150900;6365710;2;2;U;2;2;U;2;2;2;2;2;2
05151000;6359310;2;2;U;1;1;U;2;2;2;2;2;U
05151050;6347720;2;2;U;2;2;U;2;2;2;U;U;U
05151100;6340260;3;3;U;2;2;U;1;1;1;2;2;2
05151120;6356020;2;2;U;2;2;U;2;2;2;U;U;U
05151150;6352370;2;2;U;2;2;U;2;2;2;2;2;2
05151200;6359950;3;3;U;2;3;U;3;3;2;U;U;U
05151975;6327980;4;4;U;4;4;U;3;3;3;2;2;2
05151978;6326440;4;4;U;4;4;U;5;5;5;U;U;U
05151982;6325130;3;3;U;3;3;U;4;4;4;U;U;U
05151990;6321150;3;2;U;3;2;U;3;2;3;U;U;U
05151993;6319960;3;3;U;2;3;U;4;4;4;U;U;U
05151994;6319480;4;4;U;4;4;U;3;3;3;U;U;U
05152000;6326710;3;3;U;3;3;U;2;2;2;2;2;2
05152500;6303960;2;2;U;U;U;U;2;2;2;U;U;U
05152550;6302870;3;3;U;3;3;U;2;3;3;2;2;U
05152555;6296750;5;5;U;5;5;U;3;3;3;2;2;U
05153000;6321070;3;3;U;3;3;U;2;3;3;5;2;5
05153940;6290660;2;2;U;2;2;U;2;2;2;5;2;5
05153942;6289880;5;5;U;5;5;U;2;2;3;U;U;U
05153945;6282100;4;4;U;4;4;U;3;3;3;2;2;2
05153950;6284550;3;2;U;2;2;U;2;2;2;2;2;2
05153960;6280140;2;2;U;2;2;U;2;2;2;2;2;2
05153970;6272780;4;4;U;4;4;U;3;3;4;2;2;U
05153980;6260780;2;2;U;2;2;U;2;2;2;U;U;U
05154100;6246560;3;2;U;1;1;U;2;2;2;5;2;2
05154250;6318800;4;3;U;4;3;U;2;2;2;5;5;2
05154280;6320600;3;2;U;U;U;U;2;2;2;2;2;2
05154350;6317690;3;3;U;U;U;U;3;3;3;U;U;U
05154400;6310660;4;4;U;4;4;U;2;2;2;2;2;2
05154450;6308860;3;3;U;3;3;U;3;3;2;2;2;2
05154500;6307670;3;3;U;3;3;U;2;2;2;2;5;2
05154580;6302430;3;3;U;U;U;U;4;4;4;U;U;U
05154600;6300090;4;4;U;4;4;U;3;4;4;2;2;5
05154800;6302940;3;2;U;2;2;U;2;2;2;2;2;2
05155000;6299830;4;3;U;4;3;U;3;3;2;5;2;5
05155100;6285400;5;5;U;5;5;U;3;2;2;2;5;5
05155125;6282060;3;3;U;3;3;U;2;2;2;2;2;U
05155140;6280250;3;3;U;U;U;U;3;3;3;U;U;U
05155150;6277070;3;3;U;U;U;U;3;3;3;5;2;5
05155230;6268250;3;2;U;2;2;U;2;2;2;2;2;2
05155300;6259700;3;3;U;3;2;U;2;2;2;2;2;2
05155600;6260350;3;3;U;3;3;U;2;2;2;2;2;2
05155655;6242630;3;2;U;1;1;U;2;2;2;2;2;2
05155800;6271210;3;2;U;2;2;U;2;2;2;5;2;5
05155820;6268540;4;4;U;4;4;U;2;2;2;5;2;5
05155890;6260510;5;5;U;5;5;U;3;3;3;U;U;U
05156700;6299090;3;3;U;3;3;U;2;2;2;U;U;U
05156930;6297770;U;U;U;U;U;U;U;2;2;U;U;U
05156950;6295940;4;3;U;4;3;U;3;3;3;5;5;5
05157100;6284260;5;5;U;5;5;U;5;5;5;5;2;2
05157140;6282620;5;5;U;5;5;U;5;5;5;2;2;2
05157150;6277180;2;2;U;U;U;U;2;2;3;U;U;U
05157200;6276520;4;5;U;4;5;U;5;5;4;5;2;2
05157250;6275400;5;5;U;5;5;U;4;3;4;U;U;U
05157350;6274100;4;4;U;4;4;U;3;4;4;U;U;U
05157359;6274010;4;4;U;4;4;U;3;3;3;U;U;U
05157360;6273020;4;4;U;4;4;U;3;4;4;U;U;U
05157361;6271370;U;4;U;U;4;U;U;2;4;U;U;U
05157362;6270290;U;5;U;U;5;U;U;4;4;U;U;U
05157365;6270870;3;3;U;3;3;U;3;4;4;U;U;U
05157369;6270420;3;3;U;2;3;U;3;3;3;U;U;U
05157370;6270320;3;3;U;2;2;U;3;3;3;U;U;U
05157400;6266960;U;4;U;U;4;U;U;U;5;U;U;U
05157510;6265000;3;4;U;U;4;U;4;4;4;U;U;U
05157550;6263640;3;3;U;U;U;U;3;3;3;U;U;U
05157561;6262980;5;5;U;5;5;U;5;5;5;U;U;U
05157562;6262750;4;4;U;4;4;U;3;3;U;U;U;U
05157565;6262720;5;5;U;5;5;U;5;5;5;U;U;U
05157568;6261240;U;5;U;U;5;U;U;5;5;U;U;U
05157570;6260820;4;5;U;4;5;U;4;3;4;U;U;U
05157595;6261360;2;2;U;2;2;U;2;2;2;U;U;U
05157600;6262130;3;5;U;U;5;U;5;5;5;2;2;2
05157607;6264260;4;4;U;4;4;U;5;5;5;U;U;U
05157610;6264430;4;4;U;4;4;U;3;2;2;U;U;U
05157620;6261150;2;2;U;2;2;U;2;2;2;U;U;U
05157622;6258610;U;U;U;U;U;U;U;2;2;U;U;U
05157625;6257570;5;4;U;5;4;U;3;3;4;U;U;U
05157645;6255480;5;5;U;5;5;U;4;5;5;U;U;U
05157650;6256480;4;4;U;4;4;U;3;3;3;5;2;2
05157670;6254100;3;3;U;U;U;U;5;4;3;U;U;U
05157680;6250980;2;2;U;U;U;U;2;2;2;U;U;U
05157750;6254020;3;3;U;3;3;U;2;2;2;5;5;5
05157760;6249170;3;3;U;3;2;U;2;3;3;U;U;U
05157800;6248110;3;3;U;3;3;U;3;3;3;2;2;5
05157820;6244590;3;3;U;3;3;U;5;5;3;U;U;U
05157850;6244750;3;3;U;U;U;U;3;3;3;U;U;U
05157900;6241240;3;3;U;U;U;U;5;5;5;U;U;U
05157950;6238660;3;3;U;U;U;U;3;3;3;U;U;U
05158000;6296100;3;3;U;2;2;U;3;3;3;5;2;2
05158090;6288060;4;5;U;4;5;U;3;2;2;2;2;2
05158141;6286790;3;3;U;U;U;U;5;5;5;U;U;U
05158150;6283470;5;5;U;5;5;U;3;3;3;2;2;2
05158160;6282880;5;5;U;5;5;U;4;3;3;2;2;2
05158170;6280700;5;5;U;5;5;U;3;3;3;U;U;U
05158180;6282040;5;5;U;5;5;U;3;3;3;2;2;2
05158200;6272670;4;4;U;4;4;U;4;4;4;2;2;2
05158280;6276600;3;3;U;U;U;U;4;4;3;U;U;U
05158290;6276730;3;3;U;U;U;U;4;3;3;U;U;U
05158300;6274730;5;5;U;5;5;U;4;4;4;2;2;2
05158314;6275070;U;4;U;U;4;U;U;U;U;U;U;U
05158315;6275020;U;4;U;U;4;U;U;U;U;U;U;U
05158700;6289980;5;5;U;5;5;U;4;4;4;5;5;2
05158800;6288180;U;3;U;U;U;U;U;3;3;U;2;2
05159000;6285220;5;5;U;5;5;U;5;5;5;2;2;5
05159180;6282990;U;3;U;U;U;U;U;5;5;U;2;2
05159200;6282910;U;3;U;U;U;U;U;3;2;U;5;5
05159250;6282410;U;3;U;U;U;U;U;5;5;U;2;2
05159260;6281880;4;4;U;4;4;U;3;2;4;U;2;2
05159300;6280300;5;5;U;5;5;U;3;3;4;2;2;2
05159400;6278790;5;5;U;5;5;U;5;5;5;2;2;2
05159410;6277730;U;3;U;U;U;U;U;5;5;U;2;2
05159420;6276780;U;3;U;U;U;U;U;5;5;U;2;2
05159450;6273880;3;4;U;3;4;U;5;5;5;2;2;2
05159465;6272880;U;3;U;U;U;U;U;4;3;U;2;2
05159468;6272120;3;5;U;U;5;U;5;4;3;2;2;2
05159470;6271930;5;5;U;5;5;U;5;U;U;U;U;U
05160000;6291380;2;3;U;U;U;U;2;3;3;U;2;2
05161000;6290400;3;3;U;3;3;U;2;2;2;5;2;2
05161500;6286300;2;2;U;U;U;U;2;2;2;U;U;U
05161900;6281960;3;3;U;3;3;U;2;2;2;U;U;U
05161950;6281510;3;3;U;3;3;U;2;3;3;5;5;2
05162450;6272680;U;3;U;U;U;U;U;3;3;U;2;2
05162500;6270990;3;3;U;3;3;U;2;2;2;5;2;2
05162505;6270230;U;3;U;U;U;U;U;5;5;U;2;2
05162520;6267380;3;3;U;3;3;U;3;3;3;2;2;2
05162580;6259500;5;4;U;5;4;U;5;5;5;2;2;2
05162600;6255590;3;2;U;2;2;U;2;2;2;5;2;2
05162605;6255020;3;2;U;3;2;U;2;2;3;2;2;2
05162620;6253970;4;4;U;4;4;U;3;3;3;U;U;U
05162624;6248560;4;4;U;4;4;U;3;3;3;2;2;2
05162800;6257950;2;2;U;U;U;U;2;2;2;2;2;2
05162980;6280470;3;3;U;U;U;U;3;4;3;U;2;5
05163000;6279350;3;3;U;3;3;U;2;2;2;U;U;U
05163100;6277490;3;3;U;3;3;U;2;2;2;U;U;U
05163140;6275870;2;2;U;U;U;U;2;2;2;U;U;U
05163290;6276060;3;3;U;3;3;U;2;2;2;2;2;2
05163440;6272900;U;3;U;U;U;U;U;3;3;U;2;2
05163700;6272250;4;4;U;4;4;U;5;4;3;2;2;5
05163800;6270800;3;3;U;U;U;U;3;3;3;U;U;U
05163860;6268010;3;4;U;3;4;U;3;3;3;U;U;U
05163910;6264690;4;4;U;4;4;U;3;3;3;U;U;U
05164000;6268020;2;3;U;2;3;U;2;3;2;2;2;2
05164001;6269190;U;2;U;U;U;U;U;2;2;U;2;2
05164650;6266190;3;3;U;U;U;U;3;3;3;U;2;2
05164690;6265330;3;3;U;3;3;U;2;2;2;U;U;U
05164700;6265240;2;3;U;2;3;U;2;2;2;U;U;U
05165000;6262620;4;3;U;4;3;U;3;3;3;5;5;2
05165150;6254880;2;3;U;U;U;U;2;3;3;U;U;U
05165200;6249110;U;4;U;U;4;U;U;U;2;U;U;U
05165250;6244040;2;3;U;2;2;U;2;3;2;U;U;U
05165255;6243780;2;3;U;2;3;U;2;2;2;2;2;2
05165760;6259900;4;4;U;4;4;U;3;3;3;U;U;U
05165770;6258470;4;4;U;4;4;U;2;3;3;U;U;U
05165774;6261260;5;5;U;5;5;U;U;U;4;U;U;U
05165775;6261310;5;5;U;5;5;U;U;U;2;U;U;U
05165790;6255900;3;3;U;3;3;U;4;4;4;U;U;U
05165845;6263280;3;3;U;U;U;U;3;3;3;U;U;U
05165850;6263660;3;4;U;3;4;U;3;3;3;2;2;2
05165890;6246020;3;3;U;3;2;U;3;3;4;U;U;U
05165900;6246840;3;3;U;3;3;U;2;2;2;2;2;2
05166000;6243950;3;3;U;3;3;U;2;3;3;5;2;2
05166850;6240680;3;3;U;3;2;U;3;3;3;U;U;U
05166900;6235380;3;3;U;3;3;U;3;3;3;2;2;2
05166998;6233660;3;3;U;U;U;U;3;3;3;U;U;U
05166999;6233710;2;2;U;U;U;U;2;2;2;U;U;U
05167000;6234060;2;2;U;2;2;U;2;2;2;2;2;2
05167001;6231450;3;3;U;U;U;U;3;3;4;U;U;U
05167002;6232150;2;2;U;U;U;U;2;2;3;U;U;U
05167003;6232310;2;2;U;U;U;U;2;2;2;U;U;U
05167005;6232970;3;3;U;U;U;U;3;3;3;U;U;U
05167006;6232720;2;2;U;U;U;U;2;2;3;U;U;U
05167007;6232220;2;2;U;U;U;U;2;2;2;U;U;U
05167008;6234240;2;2;U;2;2;U;2;2;2;2;2;2
05167010;6222900;3;3;U;3;3;U;2;2;2;2;2;2
05167020;6220380;2;2;U;1;1;U;2;2;2;U;U;U
05167030;6210260;1;1;U;1;1;U;1;1;1;U;U;U
05167050;6222090;2;3;U;2;2;U;2;4;3;U;U;U
05167450;6221250;2;3;U;2;3;U;2;2;2;U;U;U
05167550;6221200;2;2;U;2;2;U;2;2;2;2;2;2
05167800;6220680;2;2;U;1;1;U;2;2;2;U;U;U
05167850;6213010;2;2;U;1;1;U;U;U;U;U;U;U
05167950;6216290;2;2;U;2;2;U;2;2;2;2;2;2
05168000;6210610;3;3;U;2;3;U;3;3;3;2;2;U
05168100;6200200;2;2;U;2;2;U;1;1;1;2;2;2
05168500;6209370;2;2;U;1;1;U;2;2;2;U;U;U
05168600;6204280;3;3;U;2;3;U;3;3;3;U;U;U
05169000;6206660;2;2;U;2;2;U;1;1;1;2;2;2
05169050;6202560;2;1;U;2;1;U;1;1;1;U;U;U
05169990;6239760;3;3;U;3;3;U;2;2;2;U;U;U
05170000;6238630;3;3;U;3;3;U;2;2;2;2;2;2
05170100;6237170;3;3;U;3;3;U;4;4;4;2;2;2
05170750;6237320;2;2;U;2;2;U;2;2;2;U;U;U
05170800;6214010;3;3;U;3;3;U;3;3;3;U;U;U
05170900;6232610;2;2;U;2;2;U;2;2;2;2;2;2
05170950;6223230;3;3;U;U;U;U;3;3;3;U;U;U
05171900;6217360;2;2;U;2;2;U;2;2;2;2;2;2
05172000;6213540;2;2;U;2;2;U;2;1;1;U;U;U
05172220;6207900;1;2;U;1;2;U;1;1;1;U;U;U
05172350;6203340;4;2;U;4;1;U;1;1;1;2;2;2
05172600;6208240;2;2;U;U;U;U;1;1;1;U;U;U
05172800;6200420;2;2;U;2;2;U;1;1;1;2;2;2
05172900;6201680;1;2;U;1;2;U;1;1;1;U;U;U
05172920;6205740;2;2;U;2;2;U;1;1;1;U;U;U
05172950;6196390;1;1;U;1;1;U;1;1;1;U;U;U
05173100;6195180;1;1;U;1;1;U;1;1;1;U;U;U
05173150;6191520;1;1;U;1;1;U;1;1;1;U;U;U
05173180;6191740;1;1;U;1;1;U;1;1;1;U;U;U
05173200;6182470;1;1;U;1;1;U;1;1;1;U;U;U
05173250;6183760;1;1;U;1;1;U;1;1;1;U;U;U
05173260;6184150;2;2;U;U;U;U;1;1;1;U;U;U
05173270;6180910;1;1;U;1;1;U;1;1;1;U;U;U
05173280;6179980;1;1;U;1;1;U;1;1;1;U;U;U
05173300;6172920;3;U;U;3;2;U;U;U;U;U;U;U
05173350;6186950;2;1;U;1;1;U;1;1;1;2;5;2
05173400;6182810;3;3;U;3;3;U;1;1;1;2;2;2
05173420;6180630;1;1;U;1;1;U;1;1;1;U;U;U
05173450;6176980;1;2;U;1;2;U;1;1;1;U;U;U
05174000;6269450;3;3;U;3;3;U;3;3;3;2;2;2
05174001;6268750;U;3;U;U;U;U;U;3;2;U;2;2
05175000;6259320;3;3;U;3;2;U;2;3;3;2;2;2
05175010;6256930;4;4;U;4;4;U;3;3;3;2;2;2
05175100;6246670;2;3;U;2;3;U;2;2;2;2;2;2
05175200;6243340;2;3;U;2;3;U;2;2;2;U;U;U
05175300;6235530;2;2;U;U;U;U;2;2;2;U;U;U
05175350;6228830;2;2;U;1;1;U;2;1;2;2;2;2
05175400;6263540;3;3;U;2;2;U;3;3;3;2;2;2
05175800;6248020;2;2;U;2;2;U;2;2;2;2;2;2
05176000;6241560;3;3;U;3;3;U;2;2;3;U;U;U
05176050;6237480;2;2;U;1;1;U;2;2;2;U;U;U
05176090;6228130;2;3;U;2;3;U;2;2;2;U;U;U
05176100;6224430;2;3;U;2;3;U;2;2;2;2;2;2
05176130;6227130;2;2;U;1;2;U;2;2;2;U;U;U
05176150;6221890;2;2;U;2;2;U;1;1;1;2;2;2
05176160;6218030;2;2;U;2;2;U;2;2;2;U;U;U
05176170;6217680;2;2;U;2;2;U;1;1;1;U;U;U
05176200;6245070;3;3;U;2;3;U;3;3;3;2;2;2
05176225;6238050;3;3;U;2;3;U;2;3;4;2;2;2
05176230;6239750;U;U;U;U;U;U;1;2;2;2;2;2
05176850;6231930;2;2;U;2;2;U;2;2;2;2;2;2
05176900;6217840;2;2;U;2;2;U;1;1;2;U;U;U
05177000;6235740;3;4;U;3;4;U;2;2;2;2;2;2
05177600;6232602;3;3;U;2;2;U;3;3;2;U;U;U
05178000;6230860;2;2;U;2;2;U;1;1;1;2;2;2
05178200;6222650;2;2;U;2;2;U;1;1;2;2;2;2
05178800;6222110;1;1;U;1;1;U;1;1;1;U;U;U
05178850;6211330;2;2;U;2;2;U;2;2;1;2;2;2
05178900;6216380;2;2;U;2;2;U;2;2;2;U;U;U
05179000;6217310;2;2;U;2;2;U;1;1;1;2;2;2
05179500;6211420;2;2;U;1;1;U;1;1;1;5;2;2
05179750;6205060;1;1;U;1;1;U;1;1;1;U;U;U
05180210;6198640;1;1;U;1;1;U;1;1;1;U;U;U
05180220;6199550;1;1;U;1;1;U;1;1;1;U;U;U
05180290;6210170;1;1;U;1;1;U;1;1;1;2;2;2
05180295;6208060;2;2;U;2;2;U;1;1;1;2;2;2
05180550;6201260;2;2;U;2;2;U;1;1;1;2;2;2
05180700;6187680;2;2;U;1;1;U;1;1;1;2;2;2
05180800;6197700;1;1;U;1;1;U;1;1;1;U;U;U
05180820;6194210;1;1;U;1;1;U;1;1;1;U;U;U
05180850;6185160;2;2;U;2;2;U;1;1;1;2;2;2
05180900;6231220;2;2;U;2;2;U;1;1;2;2;2;2
05181000;6224090;2;2;U;2;2;U;1;1;2;2;2;2
05181100;6220950;1;2;U;1;2;U;1;1;1;U;U;U
05181130;6219800;2;2;U;2;2;U;1;1;1;U;U;U
05181200;6211820;2;2;U;2;2;U;1;1;1;2;2;2
05181600;6204450;3;3;U;2;2;U;1;1;1;2;2;2
05181700;6225210;2;2;U;1;1;U;2;2;2;U;U;U
05181800;6224760;2;2;U;2;2;U;1;1;1;2;2;2
05181801;6224000;U;2;U;U;U;U;U;1;2;U;U;2
05181900;6226930;1;2;U;1;1;U;1;2;2;U;U;U
05182050;6221530;2;2;U;U;U;U;1;1;1;U;U;U
05182200;6223570;2;2;U;1;1;U;2;2;2;2;2;2
05182950;6219450;U;2;U;U;U;U;U;1;1;U;U;U
05183000;6222480;2;2;U;2;2;U;1;1;1;2;2;2
05183290;6216290;1;1;U;1;1;U;1;1;1;U;U;U
05183300;6215870;2;2;U;U;U;U;1;1;1;2;2;2
05183480;6227150;2;2;U;U;U;U;2;2;2;U;U;U
05183500;6208280;1;1;U;1;1;U;1;1;1;U;U;U
05183520;6202250;1;1;U;1;1;U;1;1;1;U;U;U
05183530;6194400;2;2;U;1;2;U;2;2;2;U;U;U
05183600;6198840;1;1;U;1;1;U;1;1;1;U;U;U
05183620;6195830;1;1;U;1;1;U;1;1;1;U;U;U
05183710;6192840;1;1;U;1;1;U;1;1;1;U;U;U
05183848;6217240;1;1;U;1;1;U;1;1;2;U;U;U
05183850;6216100;1;1;U;1;1;U;1;1;1;U;U;U
05183860;6210310;1;1;U;1;1;U;1;1;1;U;U;U
05183862;6206830;2;2;U;1;1;U;2;2;2;U;U;U
05183900;6207280;2;2;U;1;1;U;1;1;1;5;5;2
05183910;6204710;1;1;U;1;1;U;1;1;1;U;U;U
05183920;6204310;1;1;U;1;1;U;1;1;1;U;U;U
05183930;6197780;2;2;U;2;2;U;1;1;1;2;2;2
05183935;6191310;1;2;U;1;U;U;1;1;1;U;U;U
05183939;6190580;2;2;U;1;1;U;2;2;1;2;2;2
05183940;6188990;1;1;U;1;1;U;1;1;1;U;U;U
05183970;6198000;1;1;U;1;1;U;1;1;1;U;U;U
05184000;6197080;3;3;U;3;3;U;1;1;1;2;2;2
05184200;6484240;3;3;U;U;U;U;5;5;5;U;U;U
05184250;6474210;3;U;U;1;1;U;5;U;2;U;U;U
05184300;6484480;4;5;U;4;5;U;4;5;5;U;U;U
05184350;6471070;U;4;U;U;4;U;U;3;4;U;U;U
05184500;6461840;U;4;U;2;4;U;U;4;4;U;U;U
05184700;6456990;4;4;U;4;4;U;4;5;5;U;U;U
05184710;6455630;3;4;U;3;4;U;5;5;5;U;U;U
05184900;6446630;3;3;U;3;3;U;4;5;5;2;2;2
05187500;6464720;5;5;U;5;5;U;U;U;U;U;U;U
05189000;6427960;3;3;U;U;U;U;4;4;4;2;2;2
05189001;6424220;U;2;U;U;U;U;U;2;4;U;2;2
05189005;6442700;3;3;U;U;U;U;5;5;4;U;U;U
05190800;6403170;3;3;U;3;3;U;U;U;U;U;U;U
05191000;6399940;2;2;U;2;2;U;2;1;2;5;2;2
05191100;6401570;2;2;U;U;U;U;2;2;2;U;U;U
05191150;6400180;3;3;U;3;2;U;4;4;4;2;2;2
05191180;6402310;3;2;U;2;2;U;4;2;2;2;2;2
05191200;6397310;2;2;U;2;2;U;2;1;2;U;U;U
05191400;6388980;3;3;U;3;3;U;U;U;U;U;U;U
05191450;6386170;3;3;U;3;3;U;U;U;U;U;U;U
05191600;6386640;3;3;U;3;3;U;U;U;U;U;U;U
05191800;6384710;4;5;U;4;5;U;4;3;4;2;2;2
05191900;6381860;2;2;U;2;2;U;2;2;2;2;2;2
05191930;6381160;3;3;U;3;3;U;U;U;U;U;U;U
05192008;6375140;2;2;U;2;2;U;2;2;2;U;U;U
05192014;6370810;3;3;U;3;3;U;2;2;2;2;2;2
05192018;6362390;3;2;U;1;1;U;3;2;2;2;2;2
05192020;6356870;3;3;U;3;3;U;2;2;2;U;U;U
05192024;6367370;2;2;U;1;2;U;2;2;2;2;2;2
05192040;6346470;3;2;U;2;2;U;4;2;2;U;U;U
05192050;6368670;2;2;U;2;2;U;2;2;4;2;2;2
05192060;6366910;2;2;U;U;U;U;2;2;2;U;U;U
05192063;6367000;2;2;U;2;2;U;2;2;2;2;2;2
05192100;6356770;2;2;U;2;2;U;2;2;2;2;5;2
05192150;6357360;2;2;U;2;2;U;2;2;2;2;2;2
05192155;6358080;3;3;U;3;3;U;2;2;2;U;U;U
05192200;6336540;3;3;U;3;3;U;2;2;2;U;U;U
05192300;6339060;4;4;U;4;4;U;3;2;3;2;2;2
05192305;6354760;2;2;U;1;2;U;2;2;2;U;U;U
05192315;6337530;3;3;U;3;3;U;2;1;1;2;2;2
05192317;6337460;3;3;U;3;3;U;U;U;U;U;U;U
05192318;6337200;2;2;U;1;1;U;2;2;2;2;2;2
05192320;6336800;2;3;U;2;3;U;2;2;2;2;2;2
05196800;6319520;3;3;U;U;U;U;3;3;3;U;U;U
05196910;6319190;2;2;U;2;2;U;2;2;2;U;U;U
05197000;6318530;2;3;U;2;3;U;2;3;3;2;2;2
05197010;6318340;3;4;U;3;4;U;3;3;3;U;U;U
05197100;6305520;2;2;U;2;2;U;2;2;2;U;U;U
05197200;6306690;3;3;U;3;3;U;2;2;2;2;2;2
05197205;6305690;2;2;U;2;2;U;1;1;1;U;U;U
05197220;6306960;2;2;U;2;2;U;2;2;2;U;U;U
05197500;6293170;5;5;U;5;5;U;3;3;3;U;U;U
05197550;6294160;4;4;U;4;4;U;2;2;2;U;U;U
05197600;6293500;3;3;U;3;3;U;2;2;2;U;U;U
05197900;6285850;4;4;U;4;4;U;4;4;4;U;U;U
05198600;6275230;5;5;U;5;5;U;2;2;2;2;2;2
05198750;6264900;3;3;U;3;3;U;2;2;2;5;5;5
05198770;6264170;3;3;U;3;3;U;2;2;2;U;U;U
05199000;6262860;3;3;U;3;3;U;2;2;2;U;U;U
05199100;6261630;2;3;U;2;3;U;2;2;2;U;U;U
05199120;6260200;3;3;U;3;3;U;3;2;2;U;U;U
05199150;6255940;2;2;U;U;U;U;1;1;1;U;U;U
05199200;6255460;2;2;U;U;U;U;2;2;2;U;U;U
05199250;6250840;1;1;U;1;1;U;1;1;1;U;U;U
05199450;6247150;2;3;U;2;3;U;2;2;2;U;U;U
05199600;6245990;3;3;U;2;2;U;2;2;2;2;2;2
05199700;6242850;3;2;U;3;2;U;2;2;2;U;U;U
05199750;6241680;2;2;U;2;2;U;2;2;2;U;U;U
05199800;6250680;2;2;U;2;2;U;2;2;2;5;5;2
05200050;6239350;2;2;U;2;2;U;2;2;2;2;2;2
05200080;6234320;2;2;U;U;U;U;1;1;1;U;U;U
05200100;6239280;U;2;U;U;U;U;U;1;1;U;U;U
05200110;6239540;U;2;U;U;U;U;U;2;2;U;U;U
05200115;6238780;2;2;U;2;2;U;1;1;1;U;U;U
05200118;6231690;U;2;U;U;U;U;U;1;1;U;U;U
05200120;6235530;U;2;U;U;U;U;U;1;1;U;U;U
05200135;6231880;2;2;U;1;1;U;2;2;2;U;U;U
05200140;6230550;1;2;U;1;1;U;1;2;2;U;U;U
05200150;6226900;U;2;U;U;U;U;U;1;1;U;U;U
05200190;6272650;2;2;U;2;2;U;2;2;2;U;U;U
05200200;6276070;2;2;U;U;U;U;2;2;2;2;2;2
05200300;6272080;3;4;U;3;4;U;3;3;3;U;U;U
05201000;6274350;4;4;U;4;4;U;2;2;2;U;U;U
05201020;6273450;3;4;U;U;4;U;3;2;2;U;U;U
05201025;6269760;3;3;U;3;3;U;2;2;2;U;U;U
05201028;6270410;3;3;U;3;3;U;5;2;4;U;U;U
05201030;6271640;4;4;U;4;4;U;2;2;2;U;U;U
05201050;6264090;3;3;U;3;3;U;2;2;2;2;2;2
05201055;6256980;3;3;U;3;3;U;2;2;2;2;2;2
05201057;6255160;2;2;U;1;1;U;2;2;2;U;U;U
05201060;6250490;2;3;U;2;3;U;2;2;2;U;U;U
05201400;6280190;3;3;U;3;3;U;2;2;2;2;2;2
05202000;6278770;2;3;U;2;3;U;2;2;2;2;2;2
05202150;6271750;3;3;U;3;3;U;4;4;4;2;2;2
05202160;6271860;2;2;U;2;2;U;2;2;2;U;U;U
05202950;6250340;2;2;U;2;2;U;2;2;2;2;2;2
05203050;6234900;2;2;U;1;1;U;2;2;2;U;U;U
05203058;6223110;1;1;U;1;1;U;1;1;1;U;U;U
05203060;6223820;1;1;U;1;1;U;1;1;1;U;U;U
05203950;6261560;2;2;U;1;1;U;2;2;2;U;U;U
05204000;6263030;2;2;U;2;2;U;2;2;2;2;2;2
05204100;6257940;2;2;U;U;U;U;2;2;3;U;U;U
05204200;6245890;2;2;U;U;U;U;2;2;2;U;U;U
05204700;6246680;2;2;U;U;1;U;2;2;2;U;U;U
05204850;6236960;2;2;U;1;1;U;2;2;2;U;U;U
05204880;6230980;2;2;U;1;1;U;2;2;1;U;U;U
05204920;6248130;2;2;U;2;2;U;2;2;2;U;U;U
05204960;6240160;3;2;U;3;2;U;2;2;2;U;U;U
05205000;6240050;2;2;U;1;1;U;2;2;2;2;2;U
05206000;6237740;2;2;U;2;1;U;2;2;2;2;2;2
05206180;6217470;1;1;U;1;1;U;1;1;1;U;U;U
05206200;6217880;2;2;U;1;1;U;2;2;2;U;U;U
05206500;6220620;3;2;U;3;2;U;1;1;2;U;U;U
05206750;6221700;2;3;U;2;3;U;1;1;1;2;2;2
05206880;6211340;1;1;U;1;1;U;1;1;1;U;U;U
05206900;6211050;1;1;U;1;1;U;1;1;1;U;U;U
05207000;6238870;2;2;U;2;2;U;2;2;2;2;2;2
05207001;6236060;U;2;U;U;U;U;U;2;2;U;2;2
05207030;6229570;2;2;U;1;1;U;2;2;2;U;U;U
05207040;6221390;1;1;U;1;1;U;1;1;1;U;U;U
05207050;6215160;2;2;U;2;2;U;2;1;1;U;U;U
05207060;6207510;2;1;U;2;1;U;1;1;1;U;U;U
05207070;6204700;2;2;U;1;1;U;1;1;2;5;5;U
05207150;6280270;3;3;U;3;3;U;2;2;2;5;2;2
05209000;6273170;3;3;U;3;3;U;2;2;2;5;5;2
05209500;6264460;2;2;U;2;2;U;2;2;2;2;2;2
05210000;6268290;2;3;U;2;3;U;2;2;2;2;2;2
05211500;6261500;2;2;U;2;2;U;2;2;2;U;U;U
05211550;6245770;3;3;U;3;3;U;2;2;2;2;2;2
05211600;6262090;3;3;U;3;U;U;3;3;3;U;U;U
05211650;6247210;2;2;U;2;2;U;2;2;2;2;2;U
05211900;6248630;3;4;U;3;4;U;2;2;2;2;2;2
05211920;6237940;2;3;U;2;3;U;2;2;2;2;2;U
05211930;6239780;2;2;U;2;2;U;2;2;2;2;2;U
05212000;6262810;3;3;U;3;3;U;2;2;2;2;2;2
05213000;6260620;3;3;U;3;3;U;2;2;2;2;2;U
05213100;6258870;3;4;U;3;4;U;2;2;2;2;2;5
05213120;6256740;2;3;U;2;2;U;2;3;3;2;2;U
05214000;6252750;2;2;U;2;2;U;2;2;2;2;2;U
05214100;6249570;2;2;U;1;U;U;2;2;2;U;U;U
05214120;6246940;2;2;U;2;2;U;2;2;2;U;U;U
05214200;6249600;3;3;U;1;U;U;3;3;4;U;U;U
05214310;6242410;3;3;U;3;3;U;2;2;2;U;U;U
05214320;6240000;4;4;U;4;4;U;5;5;5;2;2;U
05214600;6245170;2;2;U;1;U;U;2;2;2;U;U;U
05215100;6243960;3;2;U;3;2;U;2;2;2;2;2;2
05215120;6242040;2;2;U;1;2;U;2;2;2;U;U;U
05216130;6235270;3;3;U;3;3;U;2;2;2;2;2;2
05216135;6234340;2;2;U;1;1;U;2;2;2;U;U;U
05216140;6235170;2;2;U;2;2;U;2;2;2;2;2;2
05216150;6227690;2;3;U;2;3;U;2;2;2;5;5;U
05216210;6227690;2;2;U;2;2;U;2;2;2;2;2;2
05216230;6227650;U;U;U;U;U;U;1;1;1;U;U;U
05217140;6227130;U;3;U;U;U;U;2;5;5;U;U;U
05217149;6225030;U;U;U;U;U;U;1;1;1;U;U;U
05217150;6225570;3;3;U;1;2;U;2;2;2;2;2;2
05217160;6223130;2;1;U;1;1;U;2;1;1;U;U;U
05217170;6221660;2;2;U;U;U;U;2;2;2;U;U;U
05217300;6219190;2;2;U;U;U;U;2;2;2;U;U;U
05217310;6218940;2;2;U;1;1;U;2;2;2;2;2;U
05217350;6218040;3;3;U;3;3;U;1;1;1;2;2;U
05217400;6216710;3;3;U;2;2;U;2;2;2;2;2;U
05217600;6216090;1;1;U;1;1;U;1;1;1;U;U;U
05217800;6212050;2;2;U;1;1;U;1;1;1;2;2;U
05217820;6212520;3;3;U;U;U;U;3;3;2;U;U;U
05217900;6216200;2;2;U;U;U;U;2;2;3;U;U;U
05218000;6215600;3;2;U;2;2;U;2;2;2;2;2;2
05218250;6211270;3;3;U;2;2;U;1;1;1;5;5;5
05218450;6199880;2;2;U;2;2;U;1;1;1;2;2;U
05218460;6211690;U;U;U;2;2;U;1;1;1;U;U;U
05218500;6205540;3;3;U;3;3;U;2;2;2;5;5;2
05218520;6202260;3;3;U;U;U;U;3;3;3;U;U;U
05218525;6202230;2;2;U;2;2;U;2;1;2;U;U;U
05218550;6203350;3;U;U;U;U;U;3;U;U;U;U;U
05218560;6204770;2;2;U;2;2;U;1;1;1;U;U;U
05218620;6192070;1;1;U;1;1;U;1;1;2;U;U;U
05218630;6187190;1;1;U;1;1;U;1;1;1;U;U;U
05218700;6185820;3;3;U;3;3;U;1;1;1;2;2;2
05218850;6291560;3;3;U;3;3;U;3;3;4;2;2;2
05218980;6291900;4;4;U;4;4;U;2;2;2;2;2;U
05219000;6294740;3;3;U;3;3;U;3;3;2;2;2;2
05219001;6293770;U;3;U;U;U;U;U;3;3;U;U;2
05219170;6284310;3;3;U;3;3;U;4;4;4;2;2;U
05219600;6286580;4;5;U;4;5;U;5;4;4;2;2;2
05219900;6289740;3;3;U;3;3;U;3;2;3;2;2;U
05220000;6284080;3;3;U;3;3;U;2;2;2;2;2;2
05220190;6278580;2;3;U;2;2;U;2;2;2;2;2;2
05220200;6278110;2;3;U;1;U;U;2;3;3;U;U;U
05220850;6267340;2;3;U;1;U;U;2;3;3;U;U;U
05220920;6263170;2;2;U;2;2;U;2;2;2;2;2;U
05220950;6286650;2;3;U;2;3;U;2;2;3;2;5;2
05221400;6277280;2;3;U;1;U;U;2;3;3;U;U;U
05221500;6269190;2;2;U;1;1;U;2;2;2;U;U;U
05221600;6261650;3;3;U;3;3;U;3;3;3;2;2;2
05221650;6260980;2;3;U;2;2;U;2;3;3;U;U;U
05222000;6294950;3;3;U;3;3;U;3;3;3;2;2;2
05222980;6301670;3;3;U;3;3;U;2;1;1;2;2;2
05222995;6300950;5;4;U;5;4;U;2;3;3;U;U;U
05223000;6300910;3;3;U;3;3;U;3;3;3;2;2;U
05223130;6300960;3;3;U;3;3;U;3;3;3;2;2;2
05223145;6297000;5;5;U;5;5;U;3;4;4;2;2;2
05223148;6294790;U;3;U;U;U;U;2;3;3;2;2;2
05223160;6290420;3;3;U;U;U;U;3;3;3;2;2;2
05223170;6286870;4;4;U;4;4;U;3;3;3;2;2;2
05223210;6310860;3;2;U;2;2;U;2;2;2;2;2;2
05223240;6312400;3;2;U;2;2;U;2;2;2;2;2;2
05223250;6312580;2;2;U;2;2;U;2;2;2;2;2;2
05224000;6308450;4;4;U;4;4;U;4;4;4;2;2;2
05224100;6310640;4;4;U;4;4;U;5;5;5;5;5;5
05225000;6314510;3;3;U;2;2;U;3;3;3;2;2;2
05225080;6321850;5;5;U;5;5;U;3;3;2;2;2;2
05225085;6321920;4;4;U;4;4;U;U;U;U;U;U;U
05225090;6322100;3;3;U;3;3;U;U;U;U;U;U;U
05225095;6322200;4;4;U;4;4;U;3;3;3;2;2;2
05225100;6311290;4;4;U;4;4;U;2;2;2;2;2;2
05225300;6315820;2;2;U;2;2;U;2;2;3;2;2;5
05225320;6322710;2;2;U;2;2;U;2;2;2;2;2;U
05225340;6324300;3;3;U;2;3;U;2;3;3;2;2;U
05225350;6328680;3;3;U;3;3;U;2;1;1;2;2;U
05226000;6318890;3;3;U;3;3;U;2;2;2;2;2;2
05226030;6321490;3;4;U;3;4;U;2;2;2;2;2;2
05226050;6334730;3;3;U;3;3;U;3;2;3;2;2;2
05226102;6320330;5;3;U;5;3;U;1;2;2;2;2;U
05226150;6327970;3;3;U;3;3;U;1;1;2;5;5;U
05226500;6317240;5;4;U;5;4;U;3;3;3;5;2;2
05227000;6322000;5;4;U;5;4;U;2;2;2;2;2;2
05227150;6324170;U;2;U;U;U;U;U;2;2;U;U;U
05227220;6328280;U;2;U;U;U;U;U;2;2;U;U;U
05227228;6329600;U;3;U;U;U;U;U;3;3;U;U;U
05227240;6332860;4;4;U;4;4;U;3;2;2;2;2;2
05227260;6340385;2;2;U;1;1;U;2;2;2;U;U;U
05227290;6328880;U;3;U;U;U;U;U;3;2;U;U;U
05227350;6329200;U;2;U;U;U;U;U;2;2;U;U;U
05227450;6331780;U;2;U;U;U;U;U;2;2;U;U;U
05227550;6331510;U;2;U;U;U;U;U;2;2;U;U;U
05227950;6328640;U;3;U;U;U;U;U;3;2;U;U;U
05228000;6331780;4;4;U;4;4;U;2;2;2;2;2;2
05228010;6333440;U;3;U;U;U;U;U;3;2;U;U;U
05228030;6334070;U;2;U;U;U;U;U;2;2;U;U;U
05228060;6336820;U;2;U;U;U;U;U;1;1;U;U;U
05228080;6337310;2;2;U;2;2;U;2;2;2;U;U;U
05228082;6336980;U;3;U;U;U;U;U;3;3;U;U;U
05228084;6337160;U;3;U;U;U;U;U;3;3;U;U;U
05228100;6336663;4;4;U;4;4;U;2;2;2;U;U;U
05228250;6322770;5;5;U;5;5;U;4;5;5;U;U;U
05228280;6322580;2;2;U;2;2;U;2;2;2;2;2;2
05228290;6318850;5;5;U;5;5;U;2;2;2;U;U;U
05228340;6320940;5;5;U;5;5;U;3;3;5;U;U;U
05228350;6316890;5;5;U;5;5;U;3;3;3;U;U;U
05228500;6311740;5;5;U;5;5;U;4;4;4;2;2;2
05228600;6306090;3;3;U;U;U;U;3;3;3;2;2;2
05228800;6290280;4;3;U;4;U;U;3;4;4;U;U;U
05228900;6285360;3;3;U;U;U;U;5;3;4;U;U;U
05229000;6316720;5;5;U;5;5;U;3;2;2;2;2;2
05229050;6308090;5;5;U;5;5;U;3;3;3;2;2;2
05229100;6316680;3;3;U;3;3;U;2;2;2;2;5;2
05229120;6314660;3;3;U;3;U;U;3;3;3;2;2;2
05229121;6313320;4;4;U;4;4;U;2;2;2;2;2;2
05229122;6312340;2;2;U;U;U;U;2;2;2;2;2;2
05229123;6312160;2;2;U;U;U;U;2;2;2;2;2;2
05229125;6307920;3;2;U;2;U;U;2;2;2;2;2;2
05229130;6302160;5;5;U;5;5;U;2;2;2;2;2;2
05229133;6308240;5;5;U;5;5;U;2;2;3;U;U;U
05229135;6306620;3;3;U;3;3;U;3;3;3;U;U;U
05229140;6302650;5;3;U;5;3;U;4;4;4;2;2;2
05229145;6293240;4;4;U;4;4;U;5;5;5;2;2;2
05229148;6286710;2;2;U;2;2;U;2;2;3;U;U;U
05229160;6287540;4;4;U;4;4;U;5;5;5;2;2;2
05229200;6306420;4;4;U;4;4;U;2;2;2;2;2;2
05229225;6306350;2;3;U;2;3;U;2;2;2;U;U;U
05229250;6307550;3;4;U;3;4;U;2;2;2;5;5;2
05230000;6300800;3;3;U;3;3;U;2;2;3;2;2;5
05230010;6298920;3;3;U;3;3;U;4;3;3;2;2;2
05230020;6297400;3;3;U;3;3;U;3;3;3;U;U;U
05230080;6295400;3;3;U;3;3;U;3;3;3;2;2;2
05230200;6291130;3;3;U;3;3;U;3;3;3;2;2;2
05230300;6278580;2;2;U;1;U;U;2;2;3;U;U;U
05230500;6250730;3;3;U;3;3;U;2;2;3;2;2;2
05230600;6244085;2;2;U;1;1;U;2;2;2;U;U;U
05230990;6303090;3;4;U;3;4;U;2;2;2;2;2;2
05231050;6302600;3;3;U;3;3;U;3;2;3;2;5;5
05231070;6298670;U;3;U;U;U;U;2;3;3;2;2;2
05231090;6296390;4;4;U;4;4;U;U;U;U;U;U;U
05231150;6283780;3;3;U;U;U;U;3;3;3;2;2;2
05231300;6303050;3;3;U;3;3;U;U;U;U;U;U;U
05231370;6302670;4;3;U;4;3;U;2;2;2;2;2;2
05231390;6300990;3;3;U;3;3;U;2;2;2;U;U;U
05231430;6301530;3;3;U;3;3;U;3;3;3;U;U;U
05231450;6302320;5;5;U;5;5;U;4;4;4;2;2;2
05231500;6300830;4;4;U;4;4;U;2;2;2;2;2;2
05231555;6280230;4;4;U;4;4;U;3;3;3;2;5;2
05231600;6297490;4;4;U;4;4;U;4;4;2;5;U;U
05231650;6296990;4;4;U;4;4;U;4;3;5;2;2;2
05231700;6295760;3;3;U;3;3;U;3;2;2;U;U;U
05231800;6295940;3;3;U;3;3;U;2;3;3;2;2;2
05231850;6293650;3;4;U;3;4;U;3;3;3;5;U;U
05231870;6294020;4;4;U;4;4;U;U;U;U;U;U;U
05231900;6292900;3;3;U;3;3;U;3;3;3;2;5;2
05232000;6291710;3;3;U;3;3;U;3;2;3;5;5;2
05232001;6288440;U;2;U;U;U;U;U;2;3;U;U;U
05232200;6279690;2;3;U;2;3;U;2;2;2;2;2;2
05232210;6263750;2;2;U;1;U;U;2;2;3;U;U;U
05232220;6274020;3;3;U;3;3;U;3;3;3;U;U;U
05232250;6279400;2;2;U;2;U;U;2;2;2;U;U;U
05232290;6280480;3;3;U;3;3;U;4;5;5;U;U;U
05232300;6277410;2;2;U;1;U;U;2;2;2;U;U;U
05232350;6258100;3;3;U;3;3;U;2;2;2;2;2;2
05232980;6288130;2;3;U;2;2;U;2;2;3;5;5;2
05233000;6288950;4;4;U;4;4;U;2;3;3;2;2;2
05233100;6288550;2;3;U;2;2;U;2;2;3;2;2;2
05233150;6282380;3;3;U;U;U;U;4;4;4;2;2;U
05233500;6289770;3;4;U;3;4;U;2;2;2;2;5;2
05234000;6286980;4;4;U;4;4;U;3;3;3;2;2;2
05234002;6268970;3;3;U;3;U;U;3;3;3;2;2;2
05234003;6257240;3;3;U;3;3;U;2;3;4;U;U;U
05234004;6258790;2;2;U;2;2;U;2;2;2;2;2;U
05234005;6281670;4;3;U;4;3;U;3;3;2;2;2;2
05234006;6278190;3;2;U;3;U;U;3;2;3;2;2;2
05234007;6272580;2;2;U;2;2;U;2;2;3;U;U;U
05234008;6265970;2;2;U;1;1;U;2;2;2;2;2;2
05234009;6273190;2;2;U;U;U;U;2;2;2;U;U;U
05234010;6258320;2;3;U;2;3;U;2;3;2;2;2;2
05234011;6255020;2;3;U;2;2;U;2;3;3;2;2;2
05234012;6241580;2;2;U;2;2;U;2;2;2;U;U;U
05234013;6238110;2;2;U;2;2;U;2;2;2;U;U;U
05234014;6227270;1;1;U;1;1;U;1;1;1;U;U;U
05234015;6232800;2;2;U;2;2;U;2;2;2;2;2;2
05234016;6229760;3;3;U;3;2;U;3;3;3;2;2;2
05234017;6280910;3;3;U;3;3;U;2;2;2;2;2;2
05234018;6272010;2;2;U;2;2;U;2;2;2;2;2;2
05234019;6271050;4;4;U;4;4;U;2;2;2;2;2;2
05234020;6267750;3;3;U;3;3;U;2;2;2;2;2;2
05234021;6272920;2;2;U;U;U;U;2;2;2;2;2;2
05234022;6268900;3;3;U;U;U;U;3;3;2;U;U;U
05234023;6260040;2;2;U;U;U;U;2;2;2;U;U;U
05234024;6260590;2;2;U;2;2;U;2;2;2;U;U;U
05234025;6261390;2;2;U;2;2;U;2;2;2;U;U;U
05234026;6261480;2;2;U;2;2;U;2;2;2;U;U;U
05234027;6248850;2;2;U;2;2;U;2;2;2;U;U;U
05234028;6236170;2;2;U;1;1;U;2;2;2;U;U;U
05234029;6231670;2;2;U;U;1;U;2;2;2;U;U;U
05234030;6234830;2;2;U;U;U;U;2;2;2;U;U;U
05234031;6225120;1;1;U;1;1;U;1;1;2;U;U;U
05234032;6229290;3;3;U;3;3;U;4;4;4;U;U;U
05234033;6232710;2;2;U;1;1;U;2;2;3;U;U;U
05234034;6247150;2;2;U;U;U;U;2;2;2;U;U;U
05234035;6246860;2;2;U;U;U;U;2;2;3;U;U;U
05234050;6255580;2;2;U;U;U;U;2;2;2;U;U;U
05234060;6251770;2;2;U;2;2;U;2;2;2;U;U;U
05234082;6238140;2;2;U;1;1;U;2;2;2;2;2;2
05234200;6249780;3;3;U;3;3;U;2;2;2;2;2;2
05234250;6241790;3;3;U;U;U;U;4;5;4;U;U;U
05234280;6247480;2;2;U;2;2;U;2;2;2;2;2;2
05234285;6238150;3;4;U;3;4;U;3;3;3;2;2;2
05234287;6234050;2;2;U;2;2;U;2;2;2;U;U;U
05234288;6235270;2;2;U;U;U;U;2;2;2;U;U;U
05234290;6224410;3;3;U;3;3;U;2;2;2;U;U;U
05234900;6267550;3;3;U;3;3;U;1;1;1;2;2;2
05234970;6253780;2;2;U;2;2;U;1;1;2;U;U;U
05234971;6252610;U;2;U;U;U;U;U;2;2;U;U;U
05234980;6249390;3;4;U;3;4;U;2;1;1;2;2;2
05235000;6247820;2;2;U;2;2;U;2;2;2;2;2;U
05235025;6255520;2;2;U;U;U;U;2;2;2;U;U;U
05235060;6257140;2;2;U;U;U;U;2;2;2;U;U;U
05235070;6236220;2;2;U;U;U;U;2;2;2;U;U;U
05235080;6227880;2;2;U;U;U;U;2;2;2;U;U;U
05235300;6242950;U;3;U;U;U;U;U;3;2;U;U;U
05235500;6240360;U;U;U;U;U;U;2;2;2;U;U;U
05235600;6236090;2;2;U;U;U;U;2;2;2;U;U;U
05235800;6227690;U;U;U;U;U;U;1;1;1;U;U;U
05235850;6225280;2;2;U;2;2;U;1;1;1;U;U;U
05235900;6225060;U;U;U;U;U;U;2;2;1;U;U;U
05235910;6223890;U;U;U;U;U;U;1;1;U;U;U;U
05235920;6223410;U;U;U;U;U;U;2;2;U;U;U;U
05236000;6225100;2;2;U;1;1;U;2;2;2;2;2;U
05236100;6221360;2;2;U;2;2;U;1;1;1;2;2;2
05236200;6218120;U;U;U;U;U;U;1;1;1;U;U;U
05236220;6214650;U;U;U;U;U;U;1;1;1;U;U;U
05236320;6208570;2;2;U;U;U;U;2;2;2;U;U;U
05236400;6213210;2;2;U;U;U;U;2;1;1;U;U;U
05236600;6205510;3;3;U;2;2;U;4;4;2;U;U;U
05236860;6265110;3;3;U;U;U;U;3;3;3;U;U;U
05236870;6265250;3;3;U;U;U;U;3;3;3;U;U;U
05236880;6264670;3;3;U;U;U;U;3;3;3;U;U;U
05236900;6261480;3;2;U;U;U;U;3;2;3;U;U;U
05236910;6261650;3;2;U;U;U;U;3;2;2;U;U;U
05236930;6261350;3;2;U;U;U;U;3;2;3;U;U;U
05236935;6261260;3;2;U;U;U;U;3;2;3;U;U;U
05236940;6261100;2;2;U;U;U;U;2;2;2;U;U;U
05236950;6261800;3;2;U;2;2;U;3;2;2;U;U;U
05236955;6261810;2;2;U;U;U;U;2;2;2;U;U;U
05236960;6262070;2;2;U;2;2;U;2;2;2;U;U;U
05236980;6261700;2;2;U;U;U;U;2;2;2;U;U;U
05237000;6261410;2;3;U;2;3;U;2;2;2;2;2;2
05237005;6261620;3;2;U;U;U;U;3;2;2;U;U;U
05237015;6259800;2;2;U;U;U;U;2;2;2;U;U;U
05237050;6258600;2;2;U;U;U;U;2;2;2;U;U;U
05237090;6257340;2;2;U;U;U;U;2;2;2;U;U;U
05237100;6257260;3;3;U;3;3;U;2;2;2;U;U;U
05237130;6257210;2;2;U;U;U;U;2;2;2;U;U;U
05237170;6255800;2;2;U;U;U;U;2;2;2;U;U;U
05237190;6254580;2;2;U;U;U;U;2;1;1;U;U;U
05237200;6254290;2;2;U;U;U;U;2;1;2;U;U;U
05237300;6267590;3;2;U;U;U;U;3;2;2;U;U;U
05237305;6267380;3;2;U;U;U;U;3;2;2;U;U;U
05237308;6266880;3;3;U;U;U;U;3;3;3;U;U;U
05237310;6266030;3;2;U;U;U;U;3;2;2;U;U;U
05237400;6268940;3;3;U;U;U;U;3;3;2;U;U;U
05237410;6268350;3;2;U;U;U;U;3;2;2;U;U;U
05237415;6268250;3;3;U;U;U;U;3;3;3;U;U;U
05237420;6268010;3;3;U;U;U;U;3;3;3;U;U;U
05237780;6266040;3;3;U;U;U;U;4;4;2;U;U;U
05237800;6265690;2;2;U;U;2;U;2;2;2;U;U;U
05237805;6267470;3;3;U;U;U;U;5;5;2;U;U;U
05237806;6267290;3;3;U;U;U;U;5;5;2;U;U;U
05237814;6266780;3;3;U;U;U;U;5;5;4;U;U;U
05237815;6266260;3;3;U;U;U;U;5;5;5;U;U;U
05237890;6270180;3;3;U;U;U;U;5;5;2;U;U;U
05237891;6270000;3;3;U;U;U;U;5;5;2;U;U;U
05237895;6269950;3;3;U;U;U;U;3;3;2;U;U;U
05237900;6269990;5;4;U;5;4;U;2;2;2;U;U;U
05237903;6270050;3;3;U;U;U;U;5;5;3;U;U;U
05237905;6269980;3;3;U;U;U;U;3;3;2;U;U;U
05237925;6269550;2;2;U;U;U;U;2;2;2;U;U;U
05237980;6270250;2;2;U;U;U;U;2;2;2;U;U;U
05237981;6270300;3;3;U;U;U;U;5;5;3;U;U;U
05237982;6268650;3;3;U;U;U;U;5;5;3;U;U;U
05237985;6268740;3;3;U;U;U;U;4;4;2;U;U;U
05238430;6265790;3;3;U;U;U;U;3;3;3;U;U;U
05238440;6264770;3;2;U;U;U;U;3;2;3;U;U;U
05238450;6263390;3;2;U;3;2;U;2;2;2;U;U;U
05238453;6263060;U;3;U;U;3;U;U;U;U;U;U;U
05238455;6262830;4;4;U;4;4;U;3;3;3;U;U;U
05238465;6260270;2;2;U;U;U;U;1;1;1;U;U;U
05238475;6264910;3;3;U;U;U;U;3;3;3;U;U;U
05238485;6257790;3;2;U;2;2;U;3;2;3;U;U;U
05238490;6261190;3;3;U;U;U;U;3;3;3;U;U;U
05238495;6261340;3;3;U;U;U;U;3;3;3;U;U;U
05238497;6264220;3;3;U;U;U;U;3;3;3;U;U;U
05238500;6259610;3;3;U;U;U;U;3;3;2;2;2;2
